DaqName,CFS.Accelerator.Pedal.Position,CFS.Brake.Pedal.Force,CFS.Steering.Wheel.Angle,SCC.Lane.Deviation.2,SCC.LogStreams.2,SCC.LogStreams.5,SCC.MenuSearch,VDS.Veh.Heading,VDS.Veh.Speed,VDS.Veh.Heading.Fixed,DosingLevel
20130713092836.mat,0.0,0.0054943799041211605,-0.5712849497795099,0.0,0,22,9,-180.403594970703,0.00132835505064577,-90.40359497070308,ZP
20130713092836.mat,0.0,0.0339693650603294,-0.5712849497795099,0.0,0,22,9,-180.403289794922,0.00106774910818785,-90.40328979492192,ZP
20130713092836.mat,0.0,0.0339693650603294,-0.5712849497795099,-0.210018306970596,0,22,9,-180.405303955078,0.00101961207110435,-90.40530395507808,ZP
20130713092836.mat,0.0,-0.0229808371514082,-0.5712849497795099,-0.210032671689987,0,22,9,-180.47985839843798,0.0190005097538233,-90.4798583984375,ZP
20130713092836.mat,0.0,-0.0134891755878925,-0.5712849497795099,-0.21004389226436604,0,22,9,-180.37083435058602,0.0127988234162331,-90.3708343505859,ZP
20130713092836.mat,0.0,0.0149860419332981,-0.5712849497795099,-0.210007041692734,0,22,9,-180.36071777343798,0.00588026689365506,-90.3607177734375,ZP
20130713092836.mat,0.0,-0.070439375936985,-0.5712849497795099,-0.209972769021988,0,22,9,-180.362731933594,0.00156505033373833,-90.36273193359379,ZP
20130713092836.mat,0.0,0.0054943799041211605,-0.5712849497795099,-0.20993973314762102,0,22,9,-180.36474609375,0.00536439474672079,-90.36474609375,ZP
20130713092836.mat,0.0,0.0434612594544888,-0.5712849497795099,-0.209915056824684,0,22,9,-180.366760253906,0.0062015438452363,-90.36676025390621,ZP
20130713092836.mat,0.0,0.0054943799041211605,-0.5712849497795099,-0.20990090072155,0,22,9,-180.36877441406202,0.00555975735187531,-90.3687744140625,ZP
20130713092836.mat,0.0,0.0054943799041211605,-0.5712849497795099,-0.20989654958248102,0,22,9,-180.370788574219,0.0039999932050705,-90.37078857421879,ZP
20130713092836.mat,0.0,0.0244777034968138,-0.5712849497795099,-0.209900826215744,0,22,9,-180.372802734375,0.00210592336952686,-90.372802734375,ZP
20130713092836.mat,0.0,0.0244777034968138,-0.5712849497795099,-0.209911748766899,0,22,9,-180.374816894531,0.000747641606722027,-90.37481689453121,ZP
20130713092836.mat,0.0,0.0149860419332981,-0.5712849497795099,-0.209926292300224,0,22,9,-180.37683105468798,0.000724988523870707,-90.3768310546875,ZP
20130713092836.mat,0.0,-0.0609477162361145,-0.5712849497795099,-0.20994311571121202,0,22,9,-180.378845214844,0.000892787706106901,-90.37884521484379,ZP
20130713092836.mat,0.0,0.0054943799041211605,-0.5712849497795099,-0.20996129512786899,0,22,0,-180.380859375,0.00107565813232213,-90.380859375,ZP
20130713092836.mat,0.0,0.0244777034968138,-0.5712849497795099,-0.209981843829155,0,22,0,-180.382873535156,0.00103149376809597,-90.38287353515621,ZP
20130713092836.mat,0.0,0.0529531501233578,-0.5712849497795099,-0.21000351011753102,0,22,0,-180.38488769531202,0.000883209111634642,-90.3848876953125,ZP
20130713092836.mat,0.0,0.0149860419332981,-0.5712849497795099,-0.21002371609210999,0,22,0,-180.386901855469,0.000973076792433858,-90.38690185546879,ZP
20130713092836.mat,0.0,-0.0134891755878925,-0.5712849497795099,-0.21004082262516,0,22,0,-180.388916015625,0.00102756661362946,-90.388916015625,ZP
20130713092836.mat,0.0,0.0529531501233578,-0.5712849497795099,-0.21005558967590302,0,22,0,-180.390930175781,0.0009964158525690439,-90.39093017578121,ZP
20130713092836.mat,0.0,0.16685354709625197,-0.5712849497795099,-0.21006768941879297,0,22,0,-180.39294433593798,0.0008919433457776901,-90.3929443359375,ZP
20130713092836.mat,0.0,-0.0229808371514082,-0.5712849497795099,-0.21007451415061998,0,22,0,-180.394958496094,0.0008130772039294241,-90.39495849609379,ZP
20130713092836.mat,0.0,-0.0134891755878925,-0.5712849497795099,-0.210081428289413,0,22,0,-180.39697265625,0.000796783191617578,-90.39697265625,ZP
20130713092836.mat,0.0,0.0339693650603294,-0.5712849497795099,-0.210083320736885,0,22,0,-180.398986816406,0.0008121312130242589,-90.39898681640621,ZP
20130713092836.mat,0.0,0.0054943799041211605,-0.5712849497795099,-0.21008238196373,0,22,0,-180.40100097656202,0.000849419389851391,-90.4010009765625,ZP
20130713092836.mat,0.0,0.0149860419332981,-0.5712849497795099,-0.210079446434975,0,22,0,-180.403015136719,0.0008933822391554711,-90.40301513671879,ZP
20130713092836.mat,0.0,0.0054943799041211605,-0.5712849497795099,-0.21007499098777802,0,22,0,-180.40406799316398,0.0009294130722992119,-90.4040679931641,ZP
20130713092836.mat,0.0,-0.0134891755878925,-0.5712849497795099,-0.21006955206394198,0,22,0,-180.403625488281,0.000954464718233794,-90.40362548828121,ZP
20130713092836.mat,0.0,-0.0134891755878925,-0.5712849497795099,-0.21006348729133603,0,22,0,-180.403854370117,0.000967231171671301,-90.4038543701172,ZP
20130713092836.mat,0.0,0.0149860419332981,-0.5712849497795099,-0.21005718410015098,0,22,0,-180.40397644043,0.0009728260920383039,-90.4039764404297,ZP
20130713092836.mat,0.0,0.0054943799041211605,-0.5712849497795099,-0.21005079150199898,0,22,0,-180.403732299805,0.0009724753908813,-90.4037322998047,ZP
20130713092836.mat,0.0,-0.0134891755878925,-0.5712849497795099,-0.21004463732242604,0,22,0,-180.403366088867,0.000971261295489967,-90.4033660888672,ZP
20130713092836.mat,0.0,-0.0134891755878925,-0.5712849497795099,-0.21003887057304396,0,22,0,-180.40319824218798,0.000968864245805889,-90.4031982421875,ZP
20130713092836.mat,0.0,-0.003997513558715579,-0.5712849497795099,-0.210033759474754,0,22,0,-180.403167724609,0.000966358638834208,-90.40316772460942,ZP
20130713092836.mat,0.0,0.0149860419332981,-0.5712849497795099,-0.21393543481826802,0,22,0,-180.403076171875,0.000962508784141392,-90.403076171875,ZP
20130713092836.mat,0.0,0.0339693650603294,-0.5712849497795099,-0.21393179893493697,0,22,0,-180.402908325195,0.0009609670960344369,-90.4029083251953,ZP
20130713092836.mat,0.0,0.0054943799041211605,-0.5712849497795099,-0.213928878307343,0,22,0,-180.40266418457,0.000959033262915909,-90.4026641845703,ZP
20130713092836.mat,0.0,-0.0134891755878925,-0.5712849497795099,-0.21392655372619604,0,22,0,-180.402542114258,0.000953133858274668,-90.4025421142578,ZP
20130713092836.mat,0.0,-0.0419643931090832,-0.5712849497795099,-0.21392504870891602,0,22,0,-180.402435302734,0.000945456675253808,-90.40243530273442,ZP
20130713092836.mat,0.0,-0.003997513558715579,-0.5712849497795099,-0.21392416954040502,0,22,0,-180.40234375,0.000934672774747014,-90.40234375,ZP
20130713092836.mat,0.0,0.0244777034968138,-0.5712849497795099,-0.21392385661601998,0,22,0,-180.402191162109,0.000922260980587453,-90.40219116210942,ZP
20130713092836.mat,0.0,0.0054943799041211605,-0.5712849497795099,-0.213924124836922,0,22,0,-180.401931762695,0.000907714711502194,-90.4019317626953,ZP
20130713092836.mat,0.0,0.0054943799041211605,-0.5712849497795099,-0.213924884796143,0,22,0,-180.401809692383,0.000888945709448308,-90.4018096923828,ZP
20130713092836.mat,0.0,0.0244777034968138,-0.5712849497795099,-0.213926002383232,0,22,0,-180.401702880859,0.0008711152477189901,-90.40170288085942,ZP
20130713092836.mat,0.0,0.0054943799041211605,-0.5712849497795099,-0.21392752230167397,0,22,0,-180.401550292969,0.000856136728543788,-90.40155029296879,ZP
20130713092836.mat,0.0,0.0054943799041211605,-0.5712849497795099,-0.21392929553985604,0,22,0,-180.4013671875,0.000843118119519204,-90.4013671875,ZP
20130713092836.mat,0.0,0.0149860419332981,-0.5712849497795099,-0.213931202888489,0,22,0,-180.401229858398,0.000830970937386155,-90.4012298583984,ZP
20130713092836.mat,0.0,0.0149860419332981,-0.5712849497795099,-0.21393340826034501,0,22,0,-180.401092529297,0.0008209787192754451,-90.40109252929692,ZP
20130713092836.mat,0.0,0.0149860419332981,-0.5712849497795099,-0.21393588185310397,0,22,0,-180.400939941406,0.0008124455926008519,-90.40093994140621,ZP
20130713092836.mat,0.0,-0.0134891755878925,-0.5712849497795099,-0.213938474655151,0,22,0,-180.400787353516,0.000805054674856365,-90.40078735351558,ZP
20130713092836.mat,0.0,0.0149860419332981,-0.5712849497795099,-0.213941112160683,0,22,0,-180.400634765625,0.000798051652964205,-90.400634765625,ZP
20130713092836.mat,0.0,0.0149860419332981,-0.5712849497795099,-0.21394367516040802,0,22,0,-180.400466918945,0.000793563085608184,-90.4004669189453,ZP
20130713092836.mat,0.0,-0.003997513558715579,-0.5712849497795099,-0.213945999741554,0,22,0,-180.400314331055,0.000789271784015,-90.4003143310547,ZP
20130713092836.mat,0.0,0.0054943799041211605,-0.5712849497795099,-0.21394829452037803,0,22,0,-180.40013122558602,0.000781611539423466,-90.4001312255859,ZP
20130713092836.mat,0.0,-0.003997513558715579,-0.5712849497795099,-0.213950380682945,0,22,0,-180.400039672852,0.000771461403928697,-90.4000396728516,ZP
20130713092836.mat,0.0,0.0149860419332981,-0.5712849497795099,-0.21395240724086803,0,22,0,-180.399963378906,0.000767059798818082,-90.39996337890621,ZP
20130713092836.mat,0.0,-0.0229808371514082,-0.5712849497795099,-0.21395486593246502,0,22,0,-180.399795532227,0.000763393589295447,-90.3997955322266,ZP
20130713092836.mat,0.0,0.0054943799041211605,-0.5712849497795099,-0.21395762264728502,0,22,0,-180.399566650391,0.0007596203940920531,-90.39956665039058,ZP
20130713092836.mat,0.0,0.0149860419332981,-0.5712849497795099,-0.213960245251656,0,22,0,-180.39942932128898,0.000757397327106446,-90.3994293212891,ZP
20130713092836.mat,0.0,0.0244777034968138,-0.5712849497795099,-0.213962689042091,0,22,0,-180.39942932128898,0.000757397327106446,-90.3994293212891,ZP
20130713092836.mat,0.0,0.0054943799041211605,-0.5712849497795099,-0.21396380662918102,0,22,0,-180.503982543945,0.0268591437488794,-90.5039825439453,ZP
20130713092836.mat,0.0,0.0149860419332981,-0.5712849497795099,-0.2139642983675,0,22,0,-180.355194091797,0.01823172532022,-90.35519409179692,ZP
20130713092836.mat,0.0,0.0054943799041211605,-0.5712849497795099,-0.213903650641441,0,22,0,-180.352920532227,0.00866769906133413,-90.3529205322266,ZP
20130713092836.mat,0.0,-0.0324724987149239,-0.5712849497795099,-0.213849991559982,0,22,0,-180.354934692383,0.00129384873434901,-90.3549346923828,ZP
20130713092836.mat,0.0,0.0339693650603294,-0.5712849497795099,-0.213767573237419,0,22,0,-180.437698364258,0.007056275382637979,-90.4376983642578,ZP
20130713092836.mat,0.0,0.0054943799041211605,-0.5712849497795099,-0.21373417973518397,0,22,0,-180.409820556641,0.008913991041481491,-90.40982055664058,ZP
20130713092836.mat,0.0,-0.0324724987149239,-0.5712849497795099,-0.213718384504318,0,22,0,-180.389953613281,0.00846696551889181,-90.38995361328121,ZP
20130713092836.mat,0.0,-0.0134891755878925,-0.5712849497795099,-0.213750436902046,0,22,0,-180.395309448242,0.00649413606151938,-90.3953094482422,ZP
20130713092836.mat,0.0,0.0054943799041211605,-0.5712849497795099,-0.21376095712184898,0,22,0,-180.397323608398,0.00376733089797199,-90.3973236083984,ZP
20130713092836.mat,0.0,0.0149860419332981,-0.5712849497795099,-0.21378056704998002,0,22,0,-180.399337768555,0.0010209896136075302,-90.3993377685547,ZP
20130713092836.mat,0.0,0.0339693650603294,-0.5712849497795099,-0.21380451321601898,0,22,0,-180.40135192871102,0.000876848062034696,-90.4013519287109,ZP
20130713092836.mat,0.0,-0.0229808371514082,-0.5712849497795099,-0.21383000910282102,0,22,0,-180.40104675293,0.00172301230486482,-90.4010467529297,ZP
20130713092836.mat,0.0,-0.0134891755878925,-0.5712849497795099,-0.21385546028614003,0,22,0,-180.40306091308602,0.00228536780923605,-90.4030609130859,ZP
20130713092836.mat,0.0,0.0244777034968138,-0.5712849497795099,-0.21388083696365398,0,22,0,-180.405075073242,0.0021817006636411,-90.4050750732422,ZP
20130713092836.mat,0.0,0.0054943799041211605,-0.5712849497795099,-0.213903203606606,0,22,0,-180.40406799316398,0.0017181222792714802,-90.4040679931641,ZP
20130713092836.mat,0.0,0.0339693650603294,-0.5712849497795099,-0.21392318606376604,0,22,0,-180.405136108398,0.00144534162245691,-90.4051361083984,ZP
20130713092836.mat,0.0,0.0719364732503891,-0.5712849497795099,-0.21394149959087397,0,22,0,-180.403625488281,0.00112197326961905,-90.40362548828121,ZP
20130713092836.mat,0.0,0.0719364732503891,-0.5712849497795099,-0.21395517885685,0,22,0,-180.40393066406202,0.000788886798545718,-90.4039306640625,ZP
20130713092836.mat,0.0,0.0149860419332981,-0.5712849497795099,-0.21396571397781397,0,22,0,-180.403457641602,0.000608516857028008,-90.4034576416016,ZP
20130713092836.mat,0.0,-0.003997513558715579,-0.5712849497795099,-0.21397259831428503,0,22,0,-180.403274536133,0.0005829830770380799,-90.4032745361328,ZP
20130713092836.mat,0.0,0.0054943799041211605,-0.5712849497795099,-0.21397674083709697,0,22,0,-180.403732299805,0.000644775398541242,-90.4037322998047,ZP
20130713092836.mat,0.0,-0.0134891755878925,-0.5712849497795099,-0.21397884190082603,0,22,0,-180.403732299805,0.0007268529734574259,-90.4037322998047,ZP
20130713092836.mat,0.0,0.0434612594544888,-0.5712849497795099,-0.21397915482521102,0,22,0,-180.403259277344,0.000789755256846547,-90.40325927734379,ZP
20130713092836.mat,0.0,0.0434612594544888,-0.5712849497795099,-0.213977932929993,0,22,0,-180.402893066406,0.000823617447167635,-90.40289306640621,ZP
20130713092836.mat,0.0,-0.184340015053749,-0.5712849497795099,-0.21397571265697501,0,22,0,-180.40281677246102,0.000834848557133228,-90.4028167724609,ZP
20130713092836.mat,0.0,0.0149860419332981,-0.5712849497795099,-0.21397340297699,0,22,0,-180.402801513672,0.000834580336231738,-90.40280151367192,ZP
20130713092836.mat,0.0,0.0339693650603294,-0.5712849497795099,-0.213968873023987,0,22,0,-180.402648925781,0.000831127923447639,-90.40264892578121,ZP
20130713092836.mat,0.0,0.0339693650603294,-0.5712849497795099,-0.21396479010582,0,22,0,-180.402496337891,0.000825977826025337,-90.40249633789058,ZP
20130713092836.mat,0.0,0.0244777034968138,-0.5712849497795099,-0.213960543274879,0,22,0,-180.402252197266,0.000829008524306118,-90.40225219726558,ZP
20130713092836.mat,0.0,-0.003997513558715579,-0.5712849497795099,-0.213956117630005,0,22,0,-180.40211486816398,0.0008349210256710651,-90.4021148681641,ZP
20130713092836.mat,0.0,-0.0134891755878925,-0.5712849497795099,-0.21395181119442,0,22,0,-180.402008056641,0.000844026159029454,-90.40200805664058,ZP
20130713092836.mat,0.0,0.0529531501233578,-0.5712849497795099,-0.213947877287865,0,22,0,-180.401885986328,0.00085394608322531,-90.40188598632808,ZP
20130713092836.mat,0.0,0.0149860419332981,-0.5712849497795099,-0.21394430100917802,0,22,0,-180.40173339843798,0.00086298561654985,-90.4017333984375,ZP
20130713092836.mat,0.0,-0.0229808371514082,-0.5712849497795099,-0.213941216468811,0,22,0,-180.401565551758,0.000870579795446247,-90.4015655517578,ZP
20130713092836.mat,0.0,-0.0134891755878925,-0.5712849497795099,-0.213938772678375,0,22,0,-180.401519775391,0.000875965342856944,-90.40151977539058,ZP
20130713092836.mat,0.0,0.0149860419332981,-0.5712849497795099,-0.213936880230904,0,22,0,-180.40135192871102,0.000876470934599638,-90.4013519287109,ZP
20130713092836.mat,0.0,0.0149860419332981,-0.5712849497795099,-0.213935390114784,0,22,0,-180.401153564453,0.0008675949648022651,-90.40115356445308,ZP
20130713092836.mat,0.0,-0.003997513558715579,-0.5712849497795099,-0.21393446624279,0,22,0,-180.401062011719,0.0008521091658622031,-90.40106201171879,ZP
20130713092836.mat,0.0,-0.0324724987149239,-0.5712849497795099,-0.21393394470214802,0,22,0,-180.400955200195,0.000833288126159459,-90.4009552001953,ZP
20130713092836.mat,0.0,0.0339693650603294,-0.5712849497795099,-0.21393385529518102,0,22,0,-180.400695800781,0.000809254765044898,-90.40069580078121,ZP
20130713092836.mat,0.0,0.0339693650603294,-0.5712849497795099,-0.213934019207954,0,22,0,-180.40055847168,0.000784019590355456,-90.4005584716797,ZP
20130713092836.mat,0.0,-0.0229808371514082,-0.5712849497795099,-0.21393443644046803,0,22,0,-180.400482177734,0.000758653972297907,-90.40048217773442,ZP
20130713092836.mat,0.0,0.0149860419332981,-0.5712849497795099,-0.21393553912639604,0,22,0,-180.400344848633,0.000736344023607671,-90.4003448486328,ZP
20130713092836.mat,0.0,-0.0134891755878925,-0.5712849497795099,-0.21393683552742002,0,22,0,-180.400146484375,0.0007176134968176481,-90.400146484375,ZP
20130713092836.mat,0.0,0.0149860419332981,-0.5712849497795099,-0.21393823623657202,0,22,0,-180.400009155273,0.000701413722708821,-90.4000091552734,ZP
20130713092836.mat,0.0,-0.0229808371514082,-0.5712849497795099,-0.21393983066082,0,22,0,-180.399871826172,0.000689744891133159,-90.39987182617192,ZP
20130713092836.mat,0.0,-0.146373137831688,-0.5712849497795099,-0.21394178271293599,0,22,0,-180.399719238281,0.000679808610584587,-90.39971923828121,ZP
20130713092836.mat,0.0,0.0054943799041211605,-0.5712849497795099,-0.21394385397434199,0,22,0,-180.39953613281202,0.0006729806191287929,-90.3995361328125,ZP
20130713092836.mat,0.0,0.0244777034968138,-0.5712849497795099,-0.213946089148521,0,22,0,-180.399505615234,0.000664827588479966,-90.39950561523442,ZP
20130713092836.mat,0.0,0.0149860419332981,-0.5712849497795099,-0.213948354125023,0,22,0,-180.399322509766,0.000659401121083647,-90.39932250976558,ZP
20130713092836.mat,0.0,0.0244777034968138,-0.5712849497795099,-0.21395060420036302,0,22,0,-180.399124145508,0.00065458647441119,-90.3991241455078,ZP
20130713092836.mat,0.0,-0.0419643931090832,-0.5712849497795099,-0.21395264565944697,0,22,0,-180.398971557617,0.0006522546755149959,-90.3989715576172,ZP
20130713092836.mat,0.0,0.0054943799041211605,-0.5712849497795099,-0.213954612612724,0,22,0,-180.398864746094,0.000650301808491349,-90.39886474609379,ZP
20130713092836.mat,0.0,-0.003997513558715579,-0.5712849497795099,-0.21395635604858398,0,22,0,-180.398712158203,0.000650670961476862,-90.39871215820308,ZP
20130713092836.mat,0.0,0.0054943799041211605,-0.5712849497795099,-0.21395795047283198,0,22,0,-180.398574829102,0.000651005073450506,-90.3985748291016,ZP
20130713092836.mat,0.0,-0.079931266605854,-0.5712849497795099,-0.213959336280823,0,22,0,-180.3984375,0.0006506086792796849,-90.3984375,ZP
20130713092836.mat,0.0,-0.003997513558715579,-0.5712849497795099,-0.213960647583008,0,22,0,-180.39826965332,0.00065215170616284,-90.3982696533203,ZP
20130713092836.mat,0.0,0.0054943799041211605,-0.5712849497795099,-0.21396169066429102,0,22,0,-180.398132324219,0.0006517741712741549,-90.39813232421879,ZP
20130713092836.mat,0.0,0.0149860419332981,-0.5712849497795099,-0.21396267414092998,0,22,0,-180.398010253906,0.0006526514771394429,-90.39801025390621,ZP
20130713092836.mat,0.0,0.0054943799041211605,-0.5712849497795099,-0.21396337449550604,0,22,0,-180.39782714843798,0.000653850671369582,-90.3978271484375,ZP
20130713092836.mat,0.0,0.0149860419332981,-0.5712849497795099,-0.21396379172801996,0,22,0,-180.39768981933602,0.0006537967128679161,-90.3976898193359,ZP
20130713092836.mat,0.0,0.0149860419332981,-0.5712849497795099,-0.21396487951278698,0,22,0,-180.39758300781202,0.000651844369713217,-90.3975830078125,ZP
20130713092836.mat,0.0,-0.003997513558715579,-0.5712849497795099,-0.21396559476852398,0,22,0,-180.397415161133,0.0006511503015644849,-90.3974151611328,ZP
20130713092836.mat,0.0,0.0624445825815201,-0.5712849497795099,-0.21396611630916604,0,22,0,-180.397262573242,0.000650219619274139,-90.3972625732422,ZP
20130713092836.mat,0.0,0.0149860419332981,-0.5712849497795099,-0.213966608047485,0,22,0,-180.397109985352,0.000649881898425519,-90.3971099853516,ZP
20130713092836.mat,0.0,-0.0134891755878925,-0.5712849497795099,-0.213967010378838,0,22,0,-180.397018432617,0.0006435735267587009,-90.3970184326172,ZP
20130713092836.mat,0.0,0.0339693650603294,-0.5712849497795099,-0.21396741271019,0,22,0,-180.39680480957,0.000642598199192435,-90.3968048095703,ZP
20130713092836.mat,0.0,0.0054943799041211605,-0.5712849497795099,-0.21396750211715698,0,22,0,-180.396667480469,0.000640982878394425,-90.39666748046879,ZP
20130713092836.mat,0.0,0.0149860419332981,-0.5712849497795099,-0.213967651128769,0,22,0,-180.396545410156,0.0006405650055967269,-90.39654541015621,ZP
20130713092836.mat,0.0,0.0054943799041211605,-0.5712849497795099,-0.213967740535736,0,22,0,-180.396423339844,0.000638581870589405,-90.39642333984379,ZP
20130713092836.mat,0.0,0.0149860419332981,-0.5712849497795099,-0.21396787464618697,0,22,0,-180.396286010742,0.000636353564914316,-90.3962860107422,ZP
20130713092836.mat,0.0,-0.003997513558715579,-0.5712849497795099,-0.213968098163605,0,22,0,-180.39611816406202,0.000635065604001284,-90.3961181640625,ZP
20130713092836.mat,0.0,-0.003997513558715579,-0.5712849497795099,-0.213968232274055,0,22,0,-180.395965576172,0.000635163800325245,-90.39596557617192,ZP
20130713092836.mat,0.0,0.0149860419332981,-0.5712849497795099,-0.21396839618682897,0,22,0,-180.395858764648,0.000633976713288575,-90.3958587646484,ZP
20130713092836.mat,0.0,0.0149860419332981,-0.5712849497795099,-0.213968724012375,0,22,0,-180.395721435547,0.000633970601484179,-90.39572143554692,ZP
20130713092836.mat,0.0,0.0149860419332981,-0.5712849497795099,-0.21396908164024397,0,22,0,-180.395568847656,0.000633471179753542,-90.39556884765621,ZP
20130713092836.mat,0.0,-0.0134891755878925,-0.5712849497795099,-0.21396952867507898,0,22,0,-180.395431518555,0.000632888695690781,-90.3954315185547,ZP
20130713092836.mat,0.0,0.0244777034968138,-0.5712849497795099,-0.21397010982036602,0,22,0,-180.395294189453,0.000635241332929581,-90.39529418945308,ZP
20130713092836.mat,0.0,0.0054943799041211605,-0.5712849497795099,-0.21397061645984602,0,22,0,-180.39514160156202,0.000642440398223698,-90.3951416015625,ZP
20130713092836.mat,0.0,0.0149860419332981,-0.5712849497795099,-0.213970705866814,0,22,0,-180.39501953125,0.000647744629532099,-90.39501953125,ZP
20130713092836.mat,0.0,0.0054943799041211605,-0.5712849497795099,-0.213970065116882,0,22,0,-180.394927978516,0.000650436675641686,-90.39492797851558,ZP
20130713092836.mat,0.0,0.0339693650603294,-0.5712849497795099,-0.21396915614604897,0,22,0,-180.394729614258,0.000654178555123508,-90.3947296142578,ZP
20130713092836.mat,0.0,0.0339693650603294,-0.5712849497795099,-0.21396808326244396,0,22,0,-180.394607543945,0.00065441383048892,-90.3946075439453,ZP
20130713092836.mat,0.0,0.0054943799041211605,-0.5712849497795099,-0.21396704018116,0,22,0,-180.394454956055,0.0006553102284669879,-90.3944549560547,ZP
20130713092836.mat,0.0,0.0054943799041211605,-0.5712849497795099,-0.21396608650684398,0,22,0,-180.394348144531,0.000653309049084783,-90.39434814453121,ZP
20130713092836.mat,0.0,0.0244777034968138,-0.5712849497795099,-0.21396520733833302,0,22,0,-180.394195556641,0.000651672831736505,-90.39419555664058,ZP
20130713092836.mat,0.0,0.0244777034968138,-0.5712849497795099,-0.21396443247795102,0,22,0,-180.39405822753898,0.0006495928391814231,-90.3940582275391,ZP
20130713092836.mat,0.0,-0.0229808371514082,-0.5712849497795099,-0.213963821530342,0,22,0,-180.39392089843798,0.000646919768769294,-90.3939208984375,ZP
20130713092836.mat,0.0,0.0244777034968138,-0.5712849497795099,-0.21396341919898998,0,22,0,-180.393798828125,0.000642830855213106,-90.393798828125,ZP
20130713092836.mat,0.0,0.0244777034968138,-0.5712849497795099,-0.21396328508853898,0,22,0,-180.393630981445,0.000639603473246098,-90.3936309814453,ZP
20130713092836.mat,0.0,0.0339693650603294,-0.5712849497795099,-0.21396337449550604,0,22,0,-180.393493652344,0.000635648204479367,-90.39349365234379,ZP
20130713092836.mat,0.0,0.0054943799041211605,-0.5712849497795099,-0.21396364271640803,0,22,0,-180.393371582031,0.000630806782282889,-90.39337158203121,ZP
20130713092836.mat,0.0,0.0054943799041211605,-0.5712849497795099,-0.213964059948921,0,22,0,-180.393280029297,0.000623379601165652,-90.39328002929692,ZP
20130713092836.mat,0.0,0.0244777034968138,-0.5712849497795099,-0.21396461129188502,0,22,0,-180.393112182617,0.000617528334259987,-90.3931121826172,ZP
20130713092836.mat,0.0,0.0149860419332981,-0.5712849497795099,-0.21396519243717202,0,22,0,-180.392929077148,0.000612237665336579,-90.3929290771484,ZP
20130713092836.mat,0.0,0.0054943799041211605,-0.5712849497795099,-0.21396578848362,0,22,0,-180.39280700683602,0.000607685185968876,-90.3928070068359,ZP
20130713092836.mat,0.0,-0.0229808371514082,-0.5712849497795099,-0.213966384530067,0,22,0,-180.392730712891,0.000600933621171862,-90.39273071289058,ZP
20130713092836.mat,0.0,0.0149860419332981,-0.5712849497795099,-0.21396708488464397,0,22,0,-180.392578125,0.000595842197071761,-90.392578125,ZP
20130713092836.mat,0.0,0.0244777034968138,-0.5712849497795099,-0.21396778523922,0,22,0,-180.392395019531,0.000592880765907466,-90.39239501953121,ZP
20130713092836.mat,0.0,0.0054943799041211605,-0.5712849497795099,-0.213968470692635,0,22,0,-180.39225769043,0.0005892952322028581,-90.3922576904297,ZP
20130713092836.mat,0.0,-0.0134891755878925,-0.5712849497795099,-0.213969260454178,0,22,0,-180.392181396484,0.000584094901569188,-90.39218139648442,ZP
20130713092836.mat,0.0,0.0434612594544888,-0.5712849497795099,-0.213970020413399,0,22,0,-180.391998291016,0.0005828509456478059,-90.39199829101558,ZP
20130713092836.mat,0.0,0.0149860419332981,-0.5712849497795099,-0.21397086977958701,0,22,0,-180.391876220703,0.000578916864469647,-90.39187622070308,ZP
20130713092836.mat,0.0,-0.003997513558715579,-0.5712849497795099,-0.213971808552742,0,22,0,-180.39172363281202,0.000576802704017609,-90.3917236328125,ZP
20130713092836.mat,0.0,0.0149860419332981,-0.5712849497795099,-0.21397279202938102,0,22,0,-180.3916015625,0.000573749130126089,-90.3916015625,ZP
20130713092836.mat,0.0,0.0054943799041211605,-0.5712849497795099,-0.21397359669208502,0,22,0,-180.39147949218798,0.000571192824281752,-90.3914794921875,ZP
20130713092836.mat,0.0,0.0149860419332981,-0.5712849497795099,-0.213974863290787,0,22,0,-180.39134216308602,0.000568887393455952,-90.3913421630859,ZP
20130713092836.mat,0.0,0.0149860419332981,-0.5712849497795099,-0.21397580206394198,0,22,0,-180.391220092773,0.000565441325306892,-90.3912200927734,ZP
20130713092836.mat,0.0,0.0054943799041211605,-0.5712849497795099,-0.213976696133614,0,22,0,-180.391067504883,0.000563879497349262,-90.3910675048828,ZP
20130713092836.mat,0.0,0.0339693650603294,-0.5712849497795099,-0.213977470993996,0,22,0,-180.390930175781,0.000562215805985034,-90.39093017578121,ZP
20130713092836.mat,0.0,0.0054943799041211605,-0.5712849497795099,-0.21397823095321697,0,22,0,-180.39079284668,0.00056107493583113,-90.3907928466797,ZP
20130713092836.mat,0.0,0.0244777034968138,-0.5712849497795099,-0.213978931307793,0,22,0,-180.390686035156,0.000557764898985624,-90.39068603515621,ZP
20130713092836.mat,0.0,0.0434612594544888,-0.5712849497795099,-0.213979616761208,0,22,0,-180.390533447266,0.000556297367438674,-90.39053344726558,ZP
20130713092836.mat,0.0,0.0244777034968138,-0.5712849497795099,-0.213980138301849,0,22,0,-180.39039611816398,0.000554780708625913,-90.3903961181641,ZP
20130713092836.mat,0.0,0.0244777034968138,-0.5712849497795099,-0.213980719447136,0,22,0,-180.39025878906202,0.000553417950868607,-90.3902587890625,ZP
20130713092836.mat,0.0241771936416626,0.0244777034968138,-0.5712849497795099,-0.213981255888939,0,22,0,-180.39012145996102,0.0005523379077203571,-90.3901214599609,ZP
20130713092836.mat,0.0298463422805071,0.10990311950445199,-0.5712849497795099,-0.213981792330742,0,22,0,-180.389999389648,0.0005510000628419219,-90.3899993896484,ZP
20130713092836.mat,0.036283440887928,0.0149860419332981,-0.5712849497795099,-0.21398228406906103,0,22,0,-180.38987731933602,0.000549599761143327,-90.3898773193359,ZP
20130713092836.mat,0.0425212234258652,-0.0134891755878925,-0.5712849497795099,-0.21398280560970298,0,22,0,-180.38977050781202,0.0005486027221195401,-90.3897705078125,ZP
20130713092836.mat,0.0489087216556072,0.0054943799041211605,-0.5712849497795099,-0.213983476161957,0,22,0,-180.389587402344,0.000547495437785983,-90.38958740234379,ZP
20130713092836.mat,0.0560008138418198,0.0054943799041211605,-0.5712849497795099,-0.21398377418518102,0,22,0,-180.38948059082,0.0005457660881802441,-90.3894805908203,ZP
20130713092836.mat,0.0628164112567902,0.0149860419332981,-0.5712849497795099,-0.213984832167625,0,22,0,-180.389343261719,0.000544730050023645,-90.38934326171879,ZP
20130713092836.mat,0.0687484070658684,0.0054943799041211605,-0.5712849497795099,-0.213985413312912,0,22,0,-180.389205932617,0.000543828005902469,-90.3892059326172,ZP
20130713092836.mat,0.0734988451004028,0.0149860419332981,-0.5712849497795099,-0.21398603916168202,0,22,0,-180.389083862305,0.000541604415047914,-90.3890838623047,ZP
20130713092836.mat,0.0772261396050453,0.0149860419332981,-0.5712849497795099,-0.213986650109291,0,22,0,-180.388946533203,0.0005394254112616179,-90.38894653320308,ZP
20130713092836.mat,0.0795498043298721,-0.0324724987149239,-0.5712849497795099,-0.213987156748772,0,22,0,-180.38883972168,0.0005315486923791469,-90.3888397216797,ZP
20130713092836.mat,0.0818044915795326,-0.0229808371514082,-0.5712849497795099,-0.213987678289413,0,22,0,-180.388671875,0.0005243056803010401,-90.388671875,ZP
20130713092836.mat,0.0854971781373024,0.0149860419332981,-0.5712849497795099,-0.21398879587650302,0,22,0,-180.388534545898,0.000518168031703681,-90.3885345458984,ZP
20130713092836.mat,0.0893578454852104,0.0149860419332981,-0.5712849497795099,-0.21399052441120103,0,22,0,-180.388397216797,0.000514636398293078,-90.38839721679692,ZP
20130713092836.mat,0.0923832282423973,0.0054943799041211605,-0.5712849497795099,-0.21399267017841297,0,22,0,-180.388290405273,0.000510492187459022,-90.3882904052734,ZP
20130713092836.mat,0.093161441385746,-0.003997513558715579,-0.5712849497795099,-0.213994801044464,0,22,0,-180.388153076172,0.0005075632943771781,-90.38815307617192,ZP
20130713092836.mat,0.09376502782106401,0.0339693650603294,-0.5712849497795099,-0.21399699151516002,0,22,0,-180.388046264648,0.000503829447552562,-90.3880462646484,ZP
20130713092836.mat,0.0941007137298584,0.0054943799041211605,-0.5712849497795099,-0.21399928629398302,0,22,0,-180.387878417969,0.000503124785609543,-90.38787841796879,ZP
20130713092836.mat,0.0940883457660675,0.0244777034968138,-0.5712849497795099,-0.214001506567001,0,22,0,-180.387756347656,0.00050107081187889,-90.38775634765621,ZP
20130713092836.mat,0.0915777012705803,-0.0134891755878925,-0.5712849497795099,-0.21400377154350303,0,22,0,-180.387649536133,0.00049860286526382,-90.3876495361328,ZP
20130713092836.mat,0.0880392715334892,0.0149860419332981,-0.5712849497795099,-0.21400585770607003,0,22,0,-180.387512207031,0.000497577537316829,-90.38751220703121,ZP
20130713092836.mat,0.0843329206109047,0.0149860419332981,-0.5712849497795099,-0.214007690548897,0,22,0,-180.387359619141,0.00049733481137082,-90.38735961914058,ZP
20130713092836.mat,0.0790569931268692,0.0339693650603294,-0.5712849497795099,-0.214009374380112,0,22,0,-180.387252807617,0.0004960910882800821,-90.3872528076172,ZP
20130713092836.mat,0.0708937123417854,0.0149860419332981,-0.5712849497795099,-0.21401081979274697,0,22,0,-180.387130737305,0.000495658139698207,-90.3871307373047,ZP
20130713092836.mat,0.0604228638112545,0.0244777034968138,-0.5712849497795099,-0.214012131094933,0,22,0,-180.386993408203,0.0004955794429406519,-90.38699340820308,ZP
20130713092836.mat,0.0505533069372177,0.0054943799041211605,-0.5712849497795099,-0.21401326358318304,0,22,0,-180.386871337891,0.000494637817610055,-90.38687133789058,ZP
20130713092836.mat,0.0388047769665718,-0.0134891755878925,-0.5712849497795099,-0.214014157652855,0,22,0,-180.386749267578,0.000493633153382689,-90.38674926757808,ZP
20130713092836.mat,0.0273771360516548,0.0434612594544888,-0.5712849497795099,-0.214014947414398,0,22,0,-180.386627197266,0.000492233783006668,-90.38662719726558,ZP
20130713092836.mat,0.0,0.0149860419332981,-0.5712849497795099,-0.21401546895504,0,22,0,-180.38648986816398,0.000491918763145804,-90.3864898681641,ZP
20130713092836.mat,0.0,0.0054943799041211605,-0.5712849497795099,-0.214015826582909,0,22,0,-180.386367797852,0.000491623068228364,-90.3863677978516,ZP
20130713092836.mat,0.0,-0.003997513558715579,-0.5712849497795099,-0.214016169309616,0,22,0,-180.38623046875,0.000492401188239455,-90.38623046875,ZP
20130713092836.mat,0.0,-0.003997513558715579,-0.5712849497795099,-0.21401637792587302,0,22,0,-180.38610839843798,0.000492452702019364,-90.3861083984375,ZP
20130713092836.mat,0.0,0.0149860419332981,-0.5712849497795099,-0.21401658654213,0,22,0,-180.385986328125,0.000492235703859478,-90.385986328125,ZP
20130713092836.mat,0.0,0.0529531501233578,-0.5712849497795099,-0.21401694416999803,0,22,0,-180.385848999023,0.000491488492116332,-90.3858489990234,ZP
20130713092836.mat,0.0,-0.003997513558715579,-0.5712849497795099,-0.214017257094383,0,22,0,-180.3857421875,0.000489978701807559,-90.3857421875,ZP
20130713092836.mat,0.0,0.0054943799041211605,-0.5712849497795099,-0.214017540216446,0,22,0,-180.38562011718798,0.000487749464809895,-90.3856201171875,ZP
20130713092836.mat,0.0,0.0149860419332981,-0.5712849497795099,-0.21401788294315302,0,22,0,-180.385467529297,0.000487289915326983,-90.38546752929692,ZP
20130713092836.mat,0.0,0.138378337025642,-0.5712849497795099,-0.21401804685592699,0,22,0,-180.385360717773,0.00048515916569158397,-90.3853607177734,ZP
20130713092836.mat,0.0,0.0149860419332981,-0.5712849497795099,-0.214018240571022,0,22,0,-180.38523864746102,0.000483688345411792,-90.3852386474609,ZP
20130713092836.mat,0.0,0.0149860419332981,-0.5712849497795099,-0.214018434286118,0,22,0,-180.385116577148,0.00048128789057955097,-90.3851165771484,ZP
20130713092836.mat,0.0,0.0149860419332981,-0.615229964256287,-0.21401873230934101,0,22,0,-180.38499450683602,0.00047885888488963203,-90.3849945068359,ZP
20130713092836.mat,0.0,0.0149860419332981,-0.615229964256287,-0.21401894092559803,0,22,0,-180.384841918945,0.00047859441838227196,-90.3848419189453,ZP
20130713092836.mat,0.0,0.0244777034968138,-0.615229964256287,-0.21401916444301602,0,22,0,-180.384735107422,0.000475970766274258,-90.38473510742192,ZP
20130713092836.mat,0.0,0.0244777034968138,-0.615229964256287,-0.21401944756507899,0,22,0,-180.38459777832,0.000475172477308661,-90.3845977783203,ZP
20130713092836.mat,0.0,0.0054943799041211605,-0.615229964256287,-0.21401983499527,0,22,0,-180.384475708008,0.00047412613639608,-90.3844757080078,ZP
20130713092836.mat,0.0,0.0149860419332981,-0.615229964256287,-0.214020431041718,0,22,0,-180.384368896484,0.000472489220555872,-90.38436889648442,ZP
20130713092836.mat,0.0,0.0149860419332981,-0.615229964256287,-0.214021056890488,0,22,0,-180.384246826172,0.00047059878124855497,-90.38424682617192,ZP
20130713092836.mat,0.0,0.0149860419332981,-0.615229964256287,-0.21402166783809698,0,22,0,-180.38410949707,0.00046926521463319697,-90.3841094970703,ZP
20130713092836.mat,0.0,-0.003997513558715579,-0.615229964256287,-0.214022278785706,0,22,0,-180.383972167969,0.000468877900857478,-90.38397216796879,ZP
20130713092836.mat,0.0,0.0054943799041211605,-0.615229964256287,-0.21402291953563699,0,22,0,-180.383865356445,0.00046714386553503605,-90.3838653564453,ZP
20130713092836.mat,0.0,0.0339693650603294,-0.615229964256287,-0.214023664593697,0,22,0,-180.383758544922,0.00046448514331132195,-90.38375854492192,ZP
20130713092836.mat,0.0,0.0339693650603294,-0.615229964256287,-0.21402435004711198,0,22,0,-180.383605957031,0.000463528383988887,-90.38360595703121,ZP
20130713092836.mat,0.0,-0.0134891755878925,-0.615229964256287,-0.21402500569820396,0,22,0,-180.383483886719,0.000461617892142385,-90.38348388671879,ZP
20130713092836.mat,0.0,-0.0229808371514082,-0.615229964256287,-0.21402564644813502,0,22,0,-180.383377075195,0.000459500501165166,-90.3833770751953,ZP
20130713092836.mat,0.0,0.15736211836338002,-0.615229964256287,-0.214026123285294,0,22,0,-180.383270263672,0.000456595851574093,-90.38327026367192,ZP
20130713092836.mat,0.0,2.8719935417175297,-0.615229964256287,-0.21402692794799802,0,22,0,-180.383117675781,0.000454887078376487,-90.38311767578121,ZP
20130713092836.mat,0.0,3.7357401847839395,-0.615229964256287,-0.21402743458747897,0,22,0,-180.382995605469,0.00045300310011953094,-90.38299560546879,ZP
20130713092836.mat,0.0,3.80218243598938,-0.615229964256287,-0.214027896523476,0,22,0,-180.382873535156,0.00045274337753653494,-90.38287353515621,ZP
20130713092836.mat,0.0,4.56152057647705,-0.615229964256287,-0.21402837336063396,0,22,0,-180.382766723633,0.000451911910204217,-90.3827667236328,ZP
20130713092836.mat,0.0,5.3872995376586905,-0.615229964256287,-0.214028894901276,0,22,0,-180.382629394531,0.00045151115045882805,-90.38262939453121,ZP
20130713092836.mat,0.0,6.3649468421936,-0.615229964256287,-0.214029535651207,0,22,0,-180.382568359375,0.000450625433586538,-90.382568359375,ZP
20130713092836.mat,0.0,7.17174291610718,-0.615229964256287,-0.21403022110462197,0,22,0,-180.383117675781,0.00044808615348301795,-90.38311767578121,ZP
20130713092836.mat,0.0,8.25379943847656,-0.615229964256287,-0.214030921459198,0,22,0,-180.38377380371102,0.000437318230979145,-90.3837738037109,ZP
20130713092836.mat,0.0,9.392805099487301,-0.615229964256287,-0.21403114497661602,0,22,0,-180.38331604003898,0.000435446971096098,-90.3833160400391,ZP
20130713092836.mat,0.0,10.2470598220825,-0.615229964256287,-0.214030295610428,0,22,0,-180.382385253906,0.000431712047429755,-90.38238525390621,ZP
20130713092836.mat,0.0,11.1108064651489,-0.615229964256287,-0.21402873098850303,0,22,0,-180.382125854492,0.000433168985182419,-90.3821258544922,ZP
20130713092836.mat,0.0,12.154895782470698,-0.615229964256287,-0.21402443945407898,0,22,0,-180.38258361816398,0.00044484841055236795,-90.3825836181641,ZP
20130713092836.mat,0.0,13.284410476684599,-0.615229964256287,-0.21401987969875302,0,22,0,-180.382720947266,0.000450227031251416,-90.38272094726558,ZP
20130713092836.mat,0.0,14.527827262878402,-0.615229964256287,-0.21401458978652999,0,22,0,-180.382537841797,0.000450218503829092,-90.38253784179692,ZP
20130713092836.mat,0.0,15.847175598144501,-0.615229964256287,-0.214008942246437,0,22,0,-180.382431030273,0.000450040417490527,-90.3824310302734,ZP
20130713092836.mat,0.0,16.9387226104736,-0.615229964256287,-0.214003279805183,0,22,0,-180.382461547852,0.000452234875410795,-90.3824615478516,ZP
20130713092836.mat,0.0,17.821453094482397,-0.615229964256287,-0.213997945189476,0,22,0,-180.38255310058602,0.000454276014352217,-90.3825531005859,ZP
20130713092836.mat,0.0,18.5428218841553,-0.615229964256287,-0.21399299800396,0,22,0,-180.382415771484,0.00045914168003946505,-90.38241577148442,ZP
20130713092836.mat,0.0,19.292669296264602,-0.615229964256287,-0.21398852765560197,0,22,0,-180.382278442383,0.000461367540992796,-90.3822784423828,ZP
20130713092836.mat,0.0,20.0520057678223,-0.615229964256287,-0.21398474276065801,0,22,0,-180.382232666016,0.000461183662991971,-90.38223266601558,ZP
20130713092836.mat,0.0,21.1055870056152,-0.615229964256287,-0.213981673121452,0,22,0,-180.382247924805,0.00045720988418906905,-90.3822479248047,ZP
20130713092836.mat,0.0,21.855432510376,-0.615229964256287,-0.2139792740345,0,22,0,-180.38215637207,0.00045338942436501395,-90.3821563720703,ZP
20130713092836.mat,0.0,22.4534130096436,-0.615229964256287,-0.21397726237773898,0,22,0,-180.38206481933602,0.000447679311037064,-90.3820648193359,ZP
20130713092836.mat,0.0,22.6717205047607,-0.615229964256287,-0.21397586166858698,0,22,0,-180.382080078125,0.00043951650150120296,-90.382080078125,ZP
20130713092836.mat,0.0,22.7286720275879,-0.615229964256287,-0.213974922895432,0,22,0,-180.382019042969,0.000431758700869977,-90.38201904296879,ZP
20130713092836.mat,0.0,22.519855499267603,-0.615229964256287,-0.213974222540855,0,22,0,-180.381881713867,0.000426251091994345,-90.3818817138672,ZP
20130713092836.mat,0.0,22.396461486816396,-0.615229964256287,-0.213973864912987,0,22,0,-180.381866455078,0.00041880118078552203,-90.38186645507808,ZP
20130713092836.mat,0.0,22.358495712280302,-0.615229964256287,-0.21397376060485798,0,22,0,-180.381774902344,0.000414843903854489,-90.38177490234379,ZP
20130713092836.mat,0.0,22.396461486816396,-0.615229964256287,-0.213973969221115,0,22,0,-180.381774902344,0.000409123051213101,-90.38177490234379,ZP
20130713092836.mat,0.0,22.481887817382802,-0.615229964256287,-0.213974416255951,0,22,0,-180.381729125977,0.00040416946285404303,-90.3817291259766,ZP
20130713092836.mat,0.0,22.7761306762695,-0.615229964256287,-0.21397516131401104,0,22,0,-180.38166809082,0.000399436306906864,-90.3816680908203,ZP
20130713092836.mat,0.0,23.2886848449707,-0.615229964256287,-0.21397602558135997,0,22,0,-180.381591796875,0.00039489782648161097,-90.381591796875,ZP
20130713092836.mat,0.0,23.8392028808594,-0.615229964256287,-0.213977053761482,0,22,0,-180.38151550293,0.000391023058909923,-90.3815155029297,ZP
20130713092836.mat,0.0,24.0100536346436,-0.615229964256287,-0.21397809684276603,0,22,0,-180.381484985352,0.00038788904203102003,-90.3814849853516,ZP
20130713092836.mat,0.0,24.09547996521,-0.615229964256287,-0.21397936344146698,0,22,0,-180.381439208984,0.00038520639645867,-90.38143920898442,ZP
20130713092836.mat,0.0,24.0859889984131,-0.615229964256287,-0.21398064494132998,0,22,0,-180.381378173828,0.000382670812541619,-90.38137817382808,ZP
20130713092836.mat,0.0,24.1144638061523,-0.615229964256287,-0.213981792330742,0,22,0,-180.38134765625,0.000379497621906921,-90.38134765625,ZP
20130713092836.mat,0.0,24.3232803344727,-0.615229964256287,-0.213982671499252,0,22,0,-180.381256103516,0.000378578784875572,-90.38125610351558,ZP
20130713092836.mat,0.0,24.778882980346697,-0.615229964256287,-0.21398389339447,0,22,0,-180.381210327148,0.000376260548364371,-90.3812103271484,ZP
20130713092836.mat,0.0,25.585680007934602,-0.615229964256287,-0.213984832167625,0,22,0,-180.38117980957,0.000374001014279202,-90.3811798095703,ZP
20130713092836.mat,0.0,26.601293563842802,-0.615229964256287,-0.21398562192916895,0,22,0,-180.381134033203,0.000372097070794553,-90.38113403320308,ZP
20130713092836.mat,0.0,27.4840259552002,-0.615229964256287,-0.213986203074455,0,22,0,-180.38108825683602,0.000370399764506146,-90.3810882568359,ZP
20130713092836.mat,0.0,28.0440368652344,-0.615229964256287,-0.21398663520813,0,22,0,-180.38098144531202,0.000370399706298485,-90.3809814453125,ZP
20130713092836.mat,0.0,28.2908210754395,-0.615229964256287,-0.21398699283599898,0,22,0,-180.380950927734,0.000369175453670323,-90.38095092773442,ZP
20130713092836.mat,0.0,28.252853393554698,-0.615229964256287,-0.21398721635341603,0,22,0,-180.380889892578,0.00036981544690206604,-90.38088989257808,ZP
20130713092836.mat,0.0,27.930133819580103,-0.615229964256287,-0.213987439870834,0,22,0,-180.380859375,0.000369412678992376,-90.380859375,ZP
20130713092836.mat,0.0,27.5030078887939,-0.615229964256287,-0.213987603783607,0,22,0,-180.380813598633,0.00036875548539683196,-90.3808135986328,ZP
20130713092836.mat,0.0,27.1897811889648,-0.615229964256287,-0.21398781239986397,0,22,0,-180.380767822266,0.000367385102435946,-90.38076782226558,ZP
20130713092836.mat,0.0,27.094861984252898,-0.5712849497795099,-0.213987976312637,0,22,0,-180.380661010742,0.00036762739182449904,-90.3806610107422,ZP
20130713092836.mat,0.0,27.2182559967041,-0.5712849497795099,-0.21398824453353896,0,22,0,-180.380615234375,0.00036778458161279597,-90.380615234375,ZP
20130713092836.mat,0.0,27.408090591430696,-0.5712849497795099,-0.21398846805095698,0,22,0,-180.380615234375,0.000366869498975575,-90.380615234375,ZP
20130713092836.mat,0.0,27.5884323120117,-0.5712849497795099,-0.21398881077766396,0,22,0,-180.380508422852,0.000367673550499603,-90.3805084228516,ZP
20130713092836.mat,0.0,27.7497901916504,-0.5712849497795099,-0.21398900449276,0,22,0,-180.380477905273,0.000365352694643661,-90.3804779052734,ZP
20130713092836.mat,0.0,27.8447113037109,-0.615229964256287,-0.213989317417145,0,22,0,-180.380416870117,0.000364189589163288,-90.3804168701172,ZP
20130713092836.mat,0.0,27.863693237304698,-0.615229964256287,-0.21398946642875696,0,22,0,-180.380416870117,0.00036169169470667796,-90.3804168701172,ZP
20130713092836.mat,0.0,27.7592849731445,-0.615229964256287,-0.213989734649658,0,22,0,-180.380310058594,0.000361122685717419,-90.38031005859379,ZP
20130713092836.mat,0.0,27.6928405761719,-0.615229964256287,-0.213989794254303,0,22,0,-180.380233764648,0.000360005215043202,-90.3802337646484,ZP
20130713092836.mat,0.0,27.702331542968803,-0.615229964256287,-0.213989913463593,0,22,0,-180.380218505859,0.000357942015398294,-90.38021850585942,ZP
20130713092836.mat,0.0,27.854202270507802,-0.615229964256287,-0.213989973068237,0,22,0,-180.380172729492,0.000356896256562322,-90.3801727294922,ZP
20130713092836.mat,0.0,27.958610534668,-0.615229964256287,-0.213990122079849,0,22,0,-180.38011169433602,0.000355433759978041,-90.3801116943359,ZP
20130713092836.mat,0.0,28.1199684143066,-0.615229964256287,-0.21399013698101002,0,22,0,-180.38000488281202,0.000355621625203639,-90.3800048828125,ZP
20130713092836.mat,0.0,28.1674270629883,-0.615229964256287,-0.21399027109146104,0,22,0,-180.379974365234,0.000354920601239428,-90.37997436523442,ZP
20130713092836.mat,0.0,28.1294631958008,-0.615229964256287,-0.21399043500423398,0,22,0,-180.379974365234,0.000353663752321154,-90.37997436523442,ZP
20130713092836.mat,0.0,28.0630187988281,-0.615229964256287,-0.21399074792861897,0,22,0,-180.379928588867,0.000352612842107192,-90.3799285888672,ZP
20130713092836.mat,0.0,27.8067436218262,-0.615229964256287,-0.2139912545681,0,22,0,-180.379837036133,0.000351642287569121,-90.3798370361328,ZP
20130713092836.mat,0.0,27.341650009155302,-0.615229964256287,-0.21399171650409698,0,22,0,-180.379821777344,0.000348844710970297,-90.37982177734379,ZP
20130713092836.mat,0.0,27.303682327270497,-0.5712849497795099,-0.21399208903312697,0,22,0,-180.37976074218798,0.000347132998285815,-90.3797607421875,ZP
20130713092836.mat,0.0,27.227746963501,-0.5712849497795099,-0.213992446660995,0,22,0,-180.379638671875,0.000346948654623702,-90.379638671875,ZP
20130713092836.mat,0.0,27.123338699340803,-0.5712849497795099,-0.21399265527725198,0,22,0,-180.37962341308602,0.000344030442647636,-90.3796234130859,ZP
20130713092836.mat,0.0,27.161304473877,-0.615229964256287,-0.21399283409118697,0,22,0,-180.37962341308602,0.000344030442647636,-90.3796234130859,ZP
20130713092836.mat,0.0,27.256221771240202,-0.615229964256287,-0.213993012905121,0,22,0,-180.379577636719,0.000341134873451665,-90.37957763671879,ZP
20130713092836.mat,0.0,27.2847003936768,-0.615229964256287,-0.213993012905121,0,22,0,-180.379425048828,0.000341149396263063,-90.37942504882808,ZP
20130713092836.mat,0.0,27.256221771240202,-0.615229964256287,-0.213993147015572,0,22,0,-180.379455566406,0.00033920357236638703,-90.37945556640621,ZP
20130713092836.mat,0.0,27.1328296661377,-0.615229964256287,-0.213993385434151,0,22,0,-180.37940979003898,0.000338581594405696,-90.3794097900391,ZP
20130713092836.mat,0.0,27.161304473877,-0.615229964256287,-0.21399354934692397,0,22,0,-180.379333496094,0.000336727272951975,-90.37933349609379,ZP
20130713092836.mat,0.0,27.227746963501,-0.615229964256287,-0.213993757963181,0,22,0,-180.379257202148,0.000335163727868348,-90.3792572021484,ZP
20130713092836.mat,0.0,27.341650009155302,-0.615229964256287,-0.21399398148059803,0,22,0,-180.379196166992,0.00033458540565334304,-90.3791961669922,ZP
20130713092836.mat,0.0,27.5599575042725,-0.615229964256287,-0.213994234800339,0,22,0,-180.379180908203,0.000333200005115941,-90.37918090820308,ZP
20130713092836.mat,0.0,27.949119567871104,-0.615229964256287,-0.213994607329369,0,22,0,-180.379104614258,0.00033318306668661497,-90.3791046142578,ZP
20130713092836.mat,0.0,28.3003120422363,-0.615229964256287,-0.21399487555027,0,22,0,-180.37907409668,0.000332013034494594,-90.3790740966797,ZP
20130713092836.mat,0.0,28.3192977905273,-0.615229964256287,-0.21399527788162198,0,22,0,-180.378997802734,0.00033177452860400097,-90.37899780273442,ZP
20130713092836.mat,0.0,28.3762474060059,-0.615229964256287,-0.21399559080600697,0,22,0,-180.378982543945,0.00033000644179992405,-90.3789825439453,ZP
20130713092836.mat,0.0,28.518621444702102,-0.615229964256287,-0.21399593353271498,0,22,0,-180.37892150878898,0.000328917463775724,-90.3789215087891,ZP
20130713092836.mat,0.0,28.4996395111084,-0.615229964256287,-0.21399635076522802,0,22,0,-180.37889099121102,0.00032650044886395297,-90.3788909912109,ZP
20130713092836.mat,0.0,28.4331951141357,-0.615229964256287,-0.213996648788452,0,22,0,-180.378814697266,0.00032465340336784704,-90.37881469726558,ZP
20130713092836.mat,0.0,28.480653762817397,-0.615229964256287,-0.21399694681167603,0,22,0,-180.378723144531,0.000323758664308116,-90.37872314453121,ZP
20130713092836.mat,0.0,28.480653762817397,-0.615229964256287,-0.21399711072444896,0,22,0,-180.37873840332,0.000321121071465313,-90.3787384033203,ZP
20130713092836.mat,0.0,28.404722213745103,-0.615229964256287,-0.21399727463722198,0,22,0,-180.378631591797,0.000321879197144881,-90.37863159179692,ZP
20130713092836.mat,0.0,28.214885711669897,-0.615229964256287,-0.213997468352318,0,22,0,-180.37858581543,0.000320782419294119,-90.3785858154297,ZP
20130713092836.mat,0.0,27.9016609191895,-0.615229964256287,-0.21399760246276897,0,22,0,-180.378524780273,0.000320983090205118,-90.3785247802734,ZP
20130713092836.mat,0.0,27.7497901916504,-0.615229964256287,-0.21399785578250896,0,22,0,-180.37854003906202,0.00031847992795519504,-90.3785400390625,ZP
20130713092836.mat,0.0,27.683349609375,-0.615229964256287,-0.213998302817345,0,22,0,-180.378479003906,0.000317430007271469,-90.37847900390621,ZP
20130713092836.mat,0.0,27.5504665374756,-0.615229964256287,-0.213998630642891,0,22,0,-180.378356933594,0.000317788159009069,-90.37835693359379,ZP
20130713092836.mat,0.0,27.3701229095459,-0.615229964256287,-0.213999018073082,0,22,0,-180.378280639648,0.0003180482017342,-90.3782806396484,ZP
20130713092836.mat,0.0,27.151813507080103,-0.615229964256287,-0.21399931609630604,0,22,0,-180.378326416016,0.000316523539368063,-90.37832641601558,ZP
20130713092836.mat,0.0,27.0474033355713,-0.615229964256287,-0.21399979293346397,0,22,0,-180.378280639648,0.000315431738272309,-90.3782806396484,ZP
20130713092836.mat,0.0,27.0284214019775,-0.615229964256287,-0.214000150561333,0,22,0,-180.378219604492,0.000313484342768788,-90.3782196044922,ZP
20130713092836.mat,0.0,27.0094375610352,-0.615229964256287,-0.214000478386879,0,22,0,-180.378128051758,0.000311977637466043,-90.3781280517578,ZP
20130713092836.mat,0.0,27.075880050659197,-0.615229964256287,-0.214000821113586,0,22,0,-180.378082275391,0.000310136907501146,-90.37808227539058,ZP
20130713092836.mat,0.0,27.0474033355713,-0.615229964256287,-0.214000999927521,0,22,0,-180.378036499023,0.00030921617872081697,-90.3780364990234,ZP
20130713092836.mat,0.0,26.895536422729503,-0.615229964256287,-0.214001223444939,0,22,0,-180.378005981445,0.000307293987134472,-90.3780059814453,ZP
20130713092836.mat,0.0,26.857568740844698,-0.615229964256287,-0.214001327753067,0,22,0,-180.377960205078,0.00030556620913557703,-90.37796020507808,ZP
20130713092836.mat,0.0,26.8385848999023,-0.615229964256287,-0.214001402258873,0,22,0,-180.377838134766,0.000307100650388747,-90.37783813476558,ZP
20130713092836.mat,0.0,26.9050273895264,-0.615229964256287,-0.214001461863518,0,22,0,-180.377792358398,0.000306553760310635,-90.3777923583984,ZP
20130713092836.mat,0.0,26.999944686889602,-0.615229964256287,-0.214001685380936,0,22,0,-180.377838134766,0.000304561253869906,-90.37783813476558,ZP
20130713092836.mat,0.0,27.2657146453857,-0.615229964256287,-0.21400198340416,0,22,0,-180.377792358398,0.000303718203213066,-90.3777923583984,ZP
20130713092836.mat,0.0,27.5599575042725,-0.615229964256287,-0.21400241553783397,0,22,0,-180.37767028808602,0.00030359247466549304,-90.3776702880859,ZP
20130713092836.mat,0.0,27.7497901916504,-0.615229964256287,-0.214002728462219,0,22,0,-180.37760925293,0.00030271691503003196,-90.3776092529297,ZP
20130713092836.mat,0.0,27.9206428527832,-0.615229964256287,-0.214003071188927,0,22,0,-180.377578735352,0.000301893713185564,-90.3775787353516,ZP
20130713092836.mat,0.0,27.9870872497559,-0.615229964256287,-0.21400347352027901,0,22,0,-180.37756347656202,0.00030049713677726697,-90.3775634765625,ZP
20130713092836.mat,0.0,27.8352165222168,-0.615229964256287,-0.21400378644466397,0,22,0,-180.377487182617,0.00029913030448369704,-90.3774871826172,ZP
20130713092836.mat,0.0,27.6074142456055,-0.615229964256287,-0.21400405466556502,0,22,0,-180.37742614746102,0.000297563994536176,-90.3774261474609,ZP
20130713092836.mat,0.0,27.313173294067397,-0.615229964256287,-0.21400433778762804,0,22,0,-180.377349853516,0.000296346406685188,-90.37734985351558,ZP
20130713092836.mat,0.0,27.151813507080103,-0.615229964256287,-0.214004471898079,0,22,0,-180.377395629883,0.00029251459636725496,-90.3773956298828,ZP
20130713092836.mat,0.0,27.0568962097168,-0.615229964256287,-0.21400460600853,0,22,0,-180.377258300781,0.00029241561423987204,-90.37725830078121,ZP
20130713092836.mat,0.0,27.094861984252898,-0.615229964256287,-0.214004650712013,0,22,0,-180.37718200683602,0.000291558186290786,-90.3771820068359,ZP
20130713092836.mat,0.0,27.2941913604736,-0.615229964256287,-0.21400463581085197,0,22,0,-180.377166748047,0.000291289907181635,-90.37716674804692,ZP
20130713092836.mat,0.0,27.512498855590803,-0.615229964256287,-0.21400469541549696,0,22,0,-180.377136230469,0.000291715899948031,-90.37713623046879,ZP
20130713092836.mat,0.0,27.645381927490202,-0.615229964256287,-0.214004829525948,0,22,0,-180.377090454102,0.000290929747279733,-90.3770904541016,ZP
20130713092836.mat,0.0,27.7402992248535,-0.615229964256287,-0.214005142450333,0,22,0,-180.377029418945,0.00028965252568014,-90.3770294189453,ZP
20130713092836.mat,0.0,27.7497901916504,-0.615229964256287,-0.21400548517704002,0,22,0,-180.376953125,0.000288731214823201,-90.376953125,ZP
20130713092836.mat,0.0,27.683349609375,-0.615229964256287,-0.21400585770607003,0,22,0,-180.376907348633,0.00028818182181567,-90.3769073486328,ZP
20130713092836.mat,0.0,27.5504665374756,-0.615229964256287,-0.214006334543228,0,22,0,-180.376892089844,0.000286821508780122,-90.37689208984379,ZP
20130713092836.mat,0.0,27.4365673065186,-0.615229964256287,-0.21400672197341897,0,22,0,-180.376846313477,0.00028516940074041497,-90.3768463134766,ZP
20130713092836.mat,0.0,27.3701229095459,-0.615229964256287,-0.214007049798965,0,22,0,-180.376770019531,0.00028458924498409,-90.37677001953121,ZP
20130713092836.mat,0.0,27.2182559967041,-0.615229964256287,-0.214007452130318,0,22,0,-180.376708984375,0.000283729867078364,-90.376708984375,ZP
20130713092836.mat,0.0,27.075880050659197,-0.615229964256287,-0.214007705450058,0,22,0,-180.376663208008,0.000283291126834229,-90.3766632080078,ZP
20130713092836.mat,0.0,26.7626514434814,-0.615229964256287,-0.214007988572121,0,22,0,-180.376647949219,0.00028175962506793396,-90.37664794921879,ZP
20130713092836.mat,0.0,26.345016479492198,-0.615229964256287,-0.21400836110115098,0,22,0,-180.376602172852,0.000279804604360834,-90.3766021728516,ZP
20130713092836.mat,0.0,25.974840164184602,-0.615229964256287,-0.21400859951973003,0,22,0,-180.376602172852,0.000279804604360834,-90.3766021728516,ZP
20130713092836.mat,0.0,25.8039894104004,-0.615229964256287,-0.21400873363018,0,22,0,-180.37646484375,0.000278473569778726,-90.37646484375,ZP
20130713092836.mat,0.0,25.671106338501,-0.615229964256287,-0.21400879323482502,0,22,0,-180.37648010253898,0.000276052538538352,-90.3764801025391,ZP
20130713092836.mat,0.0,25.680597305297898,-0.615229964256287,-0.21400929987430603,0,22,0,-180.376388549805,0.000276133767329156,-90.3763885498047,ZP
20130713092836.mat,0.0,25.7944984436035,-0.615229964256287,-0.214009448885918,0,22,0,-180.376281738281,0.000275402358965948,-90.37628173828121,ZP
20130713092836.mat,0.0,25.8894157409668,-0.615229964256287,-0.214009582996368,0,22,0,-180.37623596191398,0.000275101570878178,-90.3762359619141,ZP
20130713092836.mat,0.0,25.974840164184602,-0.615229964256287,-0.21400988101959198,0,22,0,-180.376220703125,0.000274691381491721,-90.376220703125,ZP
20130713092836.mat,0.0,26.0982322692871,-0.615229964256287,-0.21401020884513897,0,22,0,-180.37614440918,0.00027638245956040897,-90.3761444091797,ZP
20130713092836.mat,0.0,26.04128074646,-0.615229964256287,-0.21401058137416798,0,22,0,-180.37614440918,0.000275673781288788,-90.3761444091797,ZP
20130713092836.mat,0.0,25.7944984436035,-0.615229964256287,-0.21401117742061604,0,22,0,-180.376129150391,0.00027378139202483,-90.37612915039058,ZP
20130713092836.mat,0.0,25.395845413207997,-0.615229964256287,-0.214011669158936,0,22,0,-180.376022338867,0.00027247291291132596,-90.3760223388672,ZP
20130713092836.mat,0.0,25.0636348724365,-0.615229964256287,-0.214012145996094,0,22,0,-180.375946044922,0.000270679971436039,-90.37594604492192,ZP
20130713092836.mat,0.0,24.9592266082764,-0.615229964256287,-0.214012444019318,0,22,0,-180.375915527344,0.00026853708550334,-90.37591552734379,ZP
20130713092836.mat,0.0,24.9592266082764,-0.615229964256287,-0.21401265263557398,0,22,0,-180.37585449218798,0.00026797899045050095,-90.3758544921875,ZP
20130713092836.mat,0.0,24.8453254699707,-0.615229964256287,-0.214012816548347,0,22,0,-180.37580871582,0.000266873015789315,-90.3758087158203,ZP
20130713092836.mat,0.0,24.627016067504897,-0.615229964256287,-0.21401289105415303,0,22,0,-180.375778198242,0.000265854498138651,-90.3757781982422,ZP
20130713092836.mat,0.0,24.1429386138916,-0.615229964256287,-0.214012950658798,0,22,0,-180.37571716308602,0.00026574780349619703,-90.3757171630859,ZP
20130713092836.mat,0.0,23.2507171630859,-0.615229964256287,-0.214013010263443,0,22,0,-180.375686645508,0.000263755355263129,-90.3756866455078,ZP
20130713092836.mat,0.0,22.2540855407715,-0.615229964256287,-0.21401306986808802,0,22,0,-180.375640869141,0.00026209701900370403,-90.37564086914058,ZP
20130713092836.mat,0.0,21.513732910156197,-0.615229964256287,-0.21401309967041002,0,22,0,-180.375534057617,0.000262624904280528,-90.3755340576172,ZP
20130713092836.mat,0.0,21.618141174316396,-0.615229964256287,-0.21401320397853896,0,22,0,-180.37550354003898,0.00026160228298977,-90.3755035400391,ZP
20130713092836.mat,0.0,22.007301330566396,-0.615229964256287,-0.214013278484344,0,22,0,-180.37548828125,0.000260219239862636,-90.37548828125,ZP
20130713092836.mat,0.0,22.0832347869873,-0.615229964256287,-0.214013487100601,0,22,0,-180.375442504883,0.00025925567024387403,-90.3754425048828,ZP
20130713092836.mat,0.0,21.959842681884798,-0.615229964256287,-0.21401380002498602,0,22,0,-180.375411987305,0.000257476553088054,-90.3754119873047,ZP
20130713092836.mat,0.0,21.599157333374,-0.615229964256287,-0.21401426196098303,0,22,0,-180.37536621093798,0.000255333841778338,-90.3753662109375,ZP
20130713092836.mat,0.0,21.1625385284424,-0.615229964256287,-0.21401460468769098,0,22,0,-180.37525939941398,0.000254916143603623,-90.3752593994141,ZP
20130713092836.mat,0.0,20.75439453125,-0.615229964256287,-0.21401484310626998,0,22,0,-180.375213623047,0.000253798760240898,-90.37521362304692,ZP
20130713092836.mat,0.0,20.0994644165039,-0.615229964256287,-0.21401502192020397,0,22,0,-180.375137329102,0.000254589220276102,-90.3751373291016,ZP
20130713092836.mat,0.0,19.1787700653076,-0.615229964256287,-0.214015185832977,0,22,0,-180.375106811523,0.000254527491051704,-90.3751068115234,ZP
20130713092836.mat,0.0,17.9828109741211,-0.615229964256287,-0.21401542425155604,0,22,0,-180.375091552734,0.000253632839303464,-90.37509155273442,ZP
20130713092836.mat,0.0,16.995672225952102,-0.615229964256287,-0.214015647768974,0,22,0,-180.375106811523,0.00025132048176601497,-90.3751068115234,ZP
20130713092836.mat,0.0,16.6634635925293,-0.615229964256287,-0.214015945792198,0,22,0,-180.375045776367,0.000249513133894652,-90.3750457763672,ZP
20130713092836.mat,0.0,16.4736289978027,-0.615229964256287,-0.2140162140131,0,22,0,-180.374923706055,0.000248696771450341,-90.3749237060547,ZP
20130713092836.mat,0.0,15.942091941833501,-0.615229964256287,-0.214016392827034,0,22,0,-180.374816894531,0.000249081203946844,-90.37481689453121,ZP
20130713092836.mat,0.0,14.9359703063965,-0.615229964256287,-0.21401660144329102,0,22,0,-180.374816894531,0.000248399679549038,-90.37481689453121,ZP
20130713092836.mat,0.0,13.4647531509399,-0.615229964256287,-0.214016780257225,0,22,0,-180.374816894531,0.000247278454480693,-90.37481689453121,ZP
20130713092836.mat,0.0,11.651834487915002,-0.615229964256287,-0.21401709318161,0,22,0,-180.37483215332,0.000244419876253232,-90.3748321533203,ZP
20130713092836.mat,0.0,9.41178894042969,-0.615229964256287,-0.21401752531528498,0,22,0,-180.374710083008,0.0002430567110423,-90.3747100830078,ZP
20130713092836.mat,0.0,6.82054948806763,-0.615229964256287,-0.214017957448959,0,22,0,-180.374588012695,0.000243025642703287,-90.3745880126953,ZP
20130713092836.mat,0.0,4.447619438171389,-0.615229964256287,-0.21401822566986103,0,22,0,-180.374557495117,0.00024315759947057797,-90.3745574951172,ZP
20130713092836.mat,0.0,2.39740777015686,-0.615229964256287,-0.214018493890762,0,22,0,-180.374572753906,0.00024212741118390097,-90.37457275390621,ZP
20130713092836.mat,0.0,0.5560142397880551,-0.615229964256287,-0.214018777012825,0,22,0,-180.374542236328,0.000240801484324038,-90.37454223632808,ZP
20130713092836.mat,0.0,0.12888690829277002,-0.615229964256287,-0.214019060134888,0,22,0,-180.374435424805,0.00024062735610641498,-90.3744354248047,ZP
20130713092836.mat,0.0,-0.003997513558715579,-0.615229964256287,-0.214019298553467,0,22,0,-180.374374389648,0.00024007789033930697,-90.3743743896484,ZP
20130713092836.mat,0.0,-0.374174416065216,-0.615229964256287,-0.214019551873207,0,22,0,-180.37438964843798,0.000238242064369842,-90.3743896484375,ZP
20130713092836.mat,0.0,-1.23792088031769,-0.615229964256287,-0.214019894599915,0,22,0,-180.374313354492,0.00023825115931686,-90.3743133544922,ZP
20130713092836.mat,0.0,-0.345699429512024,-0.615229964256287,-0.21402013301849399,0,22,0,-180.37379455566398,0.000263067573541775,-90.3737945556641,ZP
20130713092836.mat,0.0,0.0149860419332981,-0.615229964256287,-0.21402035653591198,0,22,0,-180.371780395508,0.00154722027946264,-90.3717803955078,ZP
20130713092836.mat,0.0,0.0244777034968138,-0.615229964256287,-0.21402083337307,0,22,0,-180.371780395508,0.00666970480233431,-90.3717803955078,ZP
20130713092836.mat,0.0,0.0719364732503891,-0.615229964256287,-0.21403244137764002,0,22,0,-180.376037597656,0.0128658786416054,-90.37603759765621,ZP
20130713092836.mat,0.0,0.0719364732503891,-0.615229964256287,-0.214052096009254,0,22,0,-180.369934082031,0.019265977665782,-90.36993408203121,ZP
20130713092836.mat,0.0,0.10041169077158,-0.615229964256287,-0.21407914161682104,0,22,0,-180.366653442383,0.025047717615962,-90.3666534423828,ZP
20130713092836.mat,0.0,-0.003997513558715579,-0.615229964256287,-0.214110761880875,0,22,0,-180.368133544922,0.0295124556869268,-90.36813354492192,ZP
20130713092836.mat,0.0,0.0244777034968138,-0.615229964256287,-0.21414557099342302,0,22,0,-180.361618041992,0.0332452617585659,-90.3616180419922,ZP
20130713092836.mat,0.0,0.0244777034968138,-0.615229964256287,-0.214182615280151,0,22,0,-180.36865234375,0.0389753691852093,-90.36865234375,ZP
20130713092836.mat,0.0,-0.070439375936985,-0.615229964256287,-0.21421866118907898,0,22,0,-180.364562988281,0.0482219383120537,-90.36456298828121,ZP
20130713092836.mat,0.0,-0.19383190572261802,-0.615229964256287,-0.214257627725601,0,22,0,-180.363128662109,0.0584760680794716,-90.36312866210942,ZP
20130713092836.mat,0.0,-0.326715856790543,-0.615229964256287,-0.214292749762535,0,22,0,-180.367279052734,0.0666850507259369,-90.36727905273442,ZP
20130713092836.mat,0.0,-0.127389803528786,-0.615229964256287,-0.214358597993851,0,22,0,-180.36198425293,0.0760030746459961,-90.3619842529297,ZP
20130713092836.mat,0.0,-0.0419643931090832,-0.615229964256287,-0.21438857913017298,0,22,0,-180.359191894531,0.0878870561718941,-90.35919189453121,ZP
20130713092836.mat,0.0,0.0909198001027107,-0.615229964256287,-0.214413940906525,0,22,0,-180.359756469727,0.102145187556744,-90.3597564697266,ZP
20130713092836.mat,0.0,0.195328772068024,-0.615229964256287,-0.21446880698204,0,22,0,-180.35998535156202,0.11868532001972198,-90.3599853515625,ZP
20130713092836.mat,0.0240677017718554,0.29973775148391696,-0.615229964256287,-0.214481860399246,0,22,0,-180.358215332031,0.137407273054123,-90.35821533203121,ZP
20130713092836.mat,0.056365642696619006,0.138378337025642,-0.615229964256287,-0.214532911777496,0,22,0,-180.35583496093798,0.158169001340866,-90.3558349609375,ZP
20130713092836.mat,0.094770111143589,0.11939501762390099,-0.615229964256287,-0.214576929807663,0,22,0,-180.354400634766,0.180769503116608,-90.35440063476558,ZP
20130713092836.mat,0.12138593941927,0.0339693650603294,-0.615229964256287,-0.214584574103355,0,22,0,-180.353515625,0.20512174069881398,-90.353515625,ZP
20130713092836.mat,0.136537671089172,0.0244777034968138,-0.615229964256287,-0.214624360203743,0,22,0,-180.352401733398,0.231124728918076,-90.3524017333984,ZP
20130713092836.mat,0.145013302564621,-0.0324724987149239,-0.615229964256287,-0.21466408669948603,0,22,0,-180.350921630859,0.258684396743774,-90.35092163085942,ZP
20130713092836.mat,0.15073961019516,-0.0989145934581757,-0.615229964256287,-0.21473851799964896,0,22,0,-180.349090576172,0.287708431482315,-90.34909057617192,ZP
20130713092836.mat,0.154670655727386,-0.326715856790543,-0.615229964256287,-0.214779779314995,0,22,0,-180.347503662109,0.31777822971344,-90.34750366210942,ZP
20130713092836.mat,0.158148050308228,-0.6589261293411249,-0.615229964256287,-0.214856281876564,0,22,0,-180.346282958984,0.34864941239357,-90.34628295898442,ZP
20130713092836.mat,0.161605477333069,-0.231798782944679,-0.615229964256287,-0.214935302734375,0,22,0,-180.345001220703,0.38026547431945795,-90.34500122070308,ZP
20130713092836.mat,0.166176021099091,-0.079931266605854,-0.615229964256287,-0.21501778066158303,0,22,0,-180.34352111816398,0.412564635276794,-90.3435211181641,ZP
20130713092836.mat,0.16995625197887398,-0.0324724987149239,-0.615229964256287,-0.21510460972785897,0,22,0,-180.34191894531202,0.445484906435013,-90.3419189453125,ZP
20130713092836.mat,0.17352037131786302,-0.003997513558715579,-0.615229964256287,-0.215195894241333,0,22,0,-180.34045410156202,0.478965878486633,-90.3404541015625,ZP
20130713092836.mat,0.17625506222248102,-0.0514560528099537,-0.615229964256287,-0.215325921773911,0,22,0,-180.338928222656,0.5129481554031371,-90.33892822265621,ZP
20130713092836.mat,0.178049936890602,-0.0514560528099537,-0.615229964256287,-0.215460449457169,0,22,0,-180.337493896484,0.547372758388519,-90.33749389648442,ZP
20130713092836.mat,0.17922474443912498,-0.0324724987149239,-0.615229964256287,-0.21559965610504198,0,22,0,-180.336120605469,0.5821821689605711,-90.33612060546879,ZP
20130713092836.mat,0.181006193161011,-0.0324724987149239,-0.615229964256287,-0.21574349701404602,0,22,0,-180.334854125977,0.617320358753204,-90.3348541259766,ZP
20130713092836.mat,0.182276844978333,-0.0324724987149239,-0.615229964256287,-0.21589130163192702,0,22,0,-180.333251953125,0.652731239795685,-90.333251953125,ZP
20130713092836.mat,0.183007374405861,-0.079931266605854,-0.615229964256287,-0.21607574820518502,0,22,0,-180.331680297852,0.6883622407913211,-90.3316802978516,ZP
20130713092836.mat,0.18259508907795,-0.0894229337573051,-0.615229964256287,-0.21626217663288103,0,22,0,-180.330383300781,0.724162042140961,-90.33038330078121,ZP
20130713092836.mat,0.181755304336548,-0.127389803528786,-0.5712849497795099,-0.21645013988018,0,22,0,-180.329040527344,0.7600806355476379,-90.32904052734379,ZP
20130713092836.mat,0.181795910000801,-0.0989145934581757,-0.615229964256287,-0.216672897338867,0,22,0,-180.327560424805,0.796070635318756,-90.3275604248047,ZP
20130713092836.mat,0.183551266789436,-0.0609477162361145,-0.615229964256287,-0.21686194837093398,0,22,0,-180.326126098633,0.8320859670639041,-90.3261260986328,ZP
20130713092836.mat,0.185787066817284,0.0244777034968138,-0.615229964256287,-0.217084616422653,0,22,0,-180.324890136719,0.868085205554962,-90.32489013671879,ZP
20130713092836.mat,0.18756298720836603,-0.0609477162361145,-0.615229964256287,-0.217306673526764,0,22,0,-180.323577880859,0.9040207862854001,-90.32357788085942,ZP
20130713092836.mat,0.189064919948578,-0.20332357287406896,-0.615229964256287,-0.21756118535995497,0,22,0,-180.322158813477,0.939860999584198,-90.3221588134766,ZP
20130713092836.mat,0.19074435532093,-0.117898151278496,-0.615229964256287,-0.21778005361556999,0,22,0,-180.320587158203,0.9755685329437259,-90.32058715820308,ZP
20130713092836.mat,0.19283501803875,-0.0229808371514082,-0.5712849497795099,-0.21803042292594899,0,22,0,-180.31921386718798,1.01111018657684,-90.3192138671875,ZP
20130713092836.mat,0.19487185776233698,-0.0324724987149239,-0.5712849497795099,-0.218277633190155,0,22,0,-180.318084716797,1.04645609855652,-90.31808471679692,ZP
20130713092836.mat,0.19638396799564398,-0.0324724987149239,-0.5712849497795099,-0.21852135658264202,0,22,0,-180.316833496094,1.0815806388855,-90.31683349609379,ZP
20130713092836.mat,0.197085067629814,-0.0324724987149239,-0.5712849497795099,-0.218794867396355,0,22,0,-180.31544494628898,1.1164633035659801,-90.3154449462891,ZP
20130713092836.mat,0.19729782640934,-0.0324724987149239,-0.527339935302734,-0.219063594937325,0,22,0,-180.30419921875,1.15108919143677,-90.30419921875,ZP
20130713092836.mat,0.197328194975853,-0.0419643931090832,-0.527339935302734,-0.21929329633712802,0,22,0,-180.306549072266,1.18545818328857,-90.30654907226558,ZP
20130713092836.mat,0.197257116436958,-0.0134891755878925,-0.527339935302734,-0.21958783268928503,0,22,0,-180.314407348633,1.2196481227874798,-90.3144073486328,ZP
20130713092836.mat,0.19711120426654802,-0.003997513558715579,-0.527339935302734,-0.21984903514385198,0,22,0,-180.3154296875,1.25378024578094,-90.3154296875,ZP
20130713092836.mat,0.19680517911911,-0.0324724987149239,-0.48339498043060297,-0.22014038264751398,0,22,0,-180.311431884766,1.28793013095856,-90.31143188476558,ZP
20130713092836.mat,0.196281924843788,-0.0514560528099537,-0.43944996595382707,-0.220390617847443,0,22,0,-180.30979919433602,1.32214295864105,-90.3097991943359,ZP
20130713092836.mat,0.195845603942871,-0.0514560528099537,-0.395504981279373,-0.220664501190186,0,22,0,-180.312149047852,1.3564416170120202,-90.3121490478516,ZP
20130713092836.mat,0.19583533704280898,-0.003997513558715579,-0.30761498212814303,-0.220959916710854,0,22,0,-180.31492614746102,1.39083290100098,-90.3149261474609,ZP
20130713092836.mat,0.19632045924663502,0.0054943799041211605,-0.175779983401299,-0.22120825946331,0,22,0,-180.315887451172,1.42531263828278,-90.31588745117192,ZP
20130713092836.mat,0.196742609143257,-0.0134891755878925,-0.0439449958503246,-0.217571765184402,0,22,0,-180.316070556641,1.459881067276,-90.31607055664058,ZP
20130713092836.mat,0.199969723820686,-0.0229808371514082,0.13183499872684498,-0.21782943606376604,0,22,0,-180.31701660156202,1.4946784973144498,-90.3170166015625,ZP
20130713092836.mat,0.205167829990387,-0.003997513558715579,0.351559996604919,-0.21807716786861397,0,22,0,-180.318649291992,1.5298744440078702,-90.3186492919922,ZP
20130713092836.mat,0.21101661026477803,0.0339693650603294,0.615229964256287,-0.21831755340099301,0,22,0,-180.320007324219,1.56561374664307,-90.32000732421879,ZP
20130713092836.mat,0.216948702931404,-0.0229808371514082,0.92284494638443,-0.21858698129653897,0,22,0,-180.320755004883,1.60202729701996,-90.3207550048828,ZP
20130713092836.mat,0.22325225174427,0.0054943799041211605,1.2304599285125701,-0.218819484114647,0,22,0,-180.32116699218798,1.63924396038055,-90.3211669921875,ZP
20130713092836.mat,0.230388045310974,-0.0229808371514082,1.5380749702453602,-0.21908439695835102,0,22,0,-180.321624755859,1.67739522457123,-90.32162475585942,ZP
20130713092836.mat,0.239385023713112,-0.0229808371514082,1.88963496685028,-0.219349086284637,0,22,0,-180.322052001953,1.7166204452514602,-90.32205200195308,ZP
20130713092836.mat,0.250578373670578,-0.0134891755878925,2.1972498893737797,-0.21956539154052698,0,22,0,-180.322235107422,1.7570806741714498,-90.32223510742192,ZP
20130713092836.mat,0.261691927909851,-0.0229808371514082,2.5048649311065696,-0.21991761028766602,0,22,0,-180.322158813477,1.79896283149719,-90.3221588134766,ZP
20130713092836.mat,0.270267099142075,-0.0134891755878925,2.7685348987579306,-0.220223948359489,0,22,0,-180.32203674316398,1.8424733877182,-90.3220367431641,ZP
20130713092836.mat,0.27637466788291903,-0.0419643931090832,2.9882597923278795,-0.220535710453987,0,22,0,-180.321807861328,1.88787269592285,-90.32180786132808,ZP
20130713092836.mat,0.28036212921142606,-0.0324724987149239,3.1640398502349902,-0.220887944102287,0,22,0,-180.321594238281,1.93545055389404,-90.32159423828121,ZP
20130713092836.mat,0.28317353129386896,-0.0134891755878925,3.25192975997925,-0.22124908864498102,0,22,0,-180.321472167969,1.98553693294525,-90.32147216796879,ZP
20130713092836.mat,0.28549095988273604,-0.0229808371514082,3.33981990814209,-0.221622347831726,0,22,0,-180.321395874023,2.03849649429321,-90.3213958740234,ZP
20130713092836.mat,0.287873566150665,-0.0134891755878925,3.3837647438049303,-0.222011178731918,0,22,0,-180.321426391602,2.09471297264099,-90.3214263916016,ZP
20130713092836.mat,0.290363699197769,-0.0134891755878925,3.4277098178863503,-0.222419559955597,0,22,0,-180.321563720703,2.15456461906433,-90.32156372070308,ZP
20130713092836.mat,0.293089807033539,-0.0324724987149239,3.47165489196777,-0.22288314998149897,0,22,0,-180.32189941406202,2.2184085845947297,-90.3218994140625,ZP
20130713092836.mat,0.29592421650886497,-0.0134891755878925,3.47165489196777,-0.21946266293525699,0,22,0,-180.322448730469,2.2865722179412797,-90.32244873046879,ZP
20130713092836.mat,0.299458295106888,-0.0324724987149239,3.5155999660491903,-0.22000412642955802,0,22,0,-180.323196411133,2.35930466651917,-90.3231964111328,ZP
20130713092836.mat,0.30366873741149897,-0.0609477162361145,3.55954480171204,-0.220566421747208,0,22,0,-180.324142456055,2.43661737442017,-90.3241424560547,ZP
20130713092836.mat,0.309044659137726,-0.0514560528099537,3.55954480171204,-0.22118081152439104,0,22,0,-180.325225830078,2.51846480369568,-90.32522583007808,ZP
20130713092836.mat,0.315972030162811,-0.079931266605854,3.60348987579346,-0.22177591919898998,0,22,0,-180.326385498047,2.6047606468200697,-90.32638549804692,ZP
20130713092836.mat,0.323223769664764,-0.0894229337573051,3.6474349498748797,-0.22244825959205602,0,22,0,-180.327667236328,2.6954369544982897,-90.32766723632808,ZP
20130713092836.mat,0.33018094301223805,-0.0894229337573051,3.73532485961914,-0.22295606136322,0,22,0,-180.329010009766,2.79050707817078,-90.32901000976558,ZP
20130713092836.mat,0.336399078369141,-0.0894229337573051,3.77926993370056,-0.21989740431308702,0,22,0,-180.330429077148,2.88983106613159,-90.3304290771484,ZP
20130713092836.mat,0.34226122498512296,-0.10840625315904599,3.8232147693633998,-0.220605254173279,0,22,0,-180.331787109375,2.9931714534759504,-90.331787109375,ZP
20130713092836.mat,0.347588986158371,-0.0989145934581757,3.86715984344482,-0.22133882343769098,0,22,0,-180.33299255371102,3.1003432273864706,-90.3329925537109,ZP
20130713092836.mat,0.35200497508048995,-0.117898151278496,3.91110491752625,-0.222060710191727,0,22,0,-180.334121704102,3.2110974788665803,-90.3341217041016,ZP
20130713092836.mat,0.35508632659912104,-0.146373137831688,3.95504975318909,-0.22280353307724,0,22,0,-180.335540771484,3.32489848136902,-90.33554077148442,ZP
20130713092836.mat,0.35671880841255205,-0.127389803528786,3.95504975318909,-0.22353421151638,0,22,0,-180.336959838867,3.44127583503723,-90.3369598388672,ZP
20130713092836.mat,0.357348293066025,-0.19383190572261802,3.9989948272705096,-0.220414534211159,0,22,0,-180.337921142578,3.56002330780029,-90.33792114257808,ZP
20130713092836.mat,0.3571770191192629,-0.212815225124359,3.9989948272705096,-0.22118853032589,0,22,0,-180.338943481445,3.6809680461883505,-90.3389434814453,ZP
20130713092836.mat,0.35678502917289706,-0.19383190572261802,4.0429396629333505,-0.221952438354492,0,22,0,-180.340179443359,3.80390071868896,-90.34017944335942,ZP
20130713092836.mat,0.35659936070442205,-0.174848347902298,4.0429396629333505,-0.22277638316154502,0,22,0,-180.34129333496102,3.9286279678344704,-90.3412933349609,ZP
20130713092836.mat,0.356330543756485,-0.184340015053749,4.0429396629333505,-0.223593175411224,0,22,0,-180.34226989746102,4.05497646331787,-90.3422698974609,ZP
20130713092836.mat,0.35601899027824396,-0.184340015053749,4.0868844985961905,-0.22443769872188601,0,22,0,-180.343460083008,4.18279504776001,-90.3434600830078,ZP
20130713092836.mat,0.35732558369636497,-0.19383190572261802,4.1308298110961905,-0.221406936645508,0,22,0,-180.344833374023,4.31193494796753,-90.3448333740234,ZP
20130713092836.mat,0.36024260520935103,-0.174848347902298,4.17477464675903,-0.22231483459472698,0,22,0,-180.346145629883,4.44231700897217,-90.3461456298828,ZP
20130713092836.mat,0.36437729001045205,-0.20332357287406896,4.21871995925903,-0.223222374916077,0,22,0,-180.347625732422,4.57418632507324,-90.34762573242192,ZP
20130713092836.mat,0.36939084529876703,-0.19383190572261802,4.30660963058472,-0.224164351820946,0,22,0,-180.349273681641,4.70777988433838,-90.34927368164058,ZP
20130713092836.mat,0.37579438090324396,-0.155865028500557,4.3944997787475595,-0.22126881778240196,0,22,0,-180.350936889648,4.84324502944946,-90.3509368896484,ZP
20130713092836.mat,0.382836371660233,-0.19383190572261802,4.4384446144104,-0.222279340028763,0,22,0,-180.352722167969,4.98075199127197,-90.35272216796879,ZP
20130713092836.mat,0.3908945024013521,-0.19383190572261802,4.4823899269104,-0.22328840196132702,0,22,0,-180.354537963867,5.120212078094481,-90.3545379638672,ZP
20130713092836.mat,0.39963766932487504,-0.19383190572261802,4.52633476257324,-0.224362716078758,0,22,0,-180.356399536133,5.261370182037349,-90.3563995361328,ZP
20130713092836.mat,0.409441947937012,-0.212815225124359,4.5702795982360795,-0.221561521291733,0,22,0,-180.358779907227,5.40407514572144,-90.3587799072266,ZP
20130713092836.mat,0.42047083377838107,-0.212815225124359,4.5702795982360795,-0.222697541117668,0,22,0,-180.361328125,5.54817914962769,-90.361328125,ZP
20130713092836.mat,0.432297497987747,-0.19383190572261802,4.5702795982360795,-0.22382944822311399,0,22,0,-180.363327026367,5.693536281585691,-90.3633270263672,ZP
20130713092836.mat,0.44576337933540294,-0.19383190572261802,4.52633476257324,-0.22498913109302499,0,22,0,-180.365676879883,5.840031623840329,-90.3656768798828,ZP
20130713092836.mat,0.45883038640022294,-0.146373137831688,4.52633476257324,-0.22230634093284599,0,22,0,-180.368560791016,5.987590789794919,-90.36856079101558,ZP
20130713092836.mat,0.47150048613548295,-0.19383190572261802,4.52633476257324,-0.22352634370327,0,22,0,-180.371017456055,6.13612842559814,-90.3710174560547,ZP
20130713092836.mat,0.48334789276122997,-0.231798782944679,4.4823899269104,-0.224776163697243,0,22,0,-180.373474121094,6.28567934036255,-90.37347412109379,ZP
20130713092836.mat,0.493938058614731,-0.24129045009613,4.4823899269104,-0.22605627775192302,0,22,0,-180.376281738281,6.436285018920901,-90.37628173828121,ZP
20130713092836.mat,0.503279745578766,-0.165356680750847,4.4823899269104,-0.223463147878647,0,22,0,-180.378860473633,6.58796262741089,-90.3788604736328,ZP
20130713092836.mat,0.51175594329834,-0.25078210234642,4.4823899269104,-0.224810063838959,0,22,0,-180.381286621094,6.740832328796389,-90.38128662109379,ZP
20130713092836.mat,0.519290089607239,-0.24129045009613,4.4823899269104,-0.22619110345840499,0,22,0,-180.384246826172,6.894805908203121,-90.38424682617192,ZP
20130713092836.mat,0.525882005691528,-0.212815225124359,4.52633476257324,-0.22370208799839,0,22,0,-180.386672973633,7.04978704452515,-90.3866729736328,ZP
20130713092836.mat,0.531461358070374,-0.20332357287406896,4.52633476257324,-0.22515611350536302,0,22,0,-180.389450073242,7.20573329925537,-90.3894500732422,ZP
20130713092836.mat,0.536046266555786,-0.174848347902298,4.52633476257324,-0.22274231910705602,0,22,0,-180.392150878906,7.36255741119385,-90.39215087890621,ZP
20130713092836.mat,0.539609313011169,-0.231798782944679,4.52633476257324,-0.224238887429237,0,22,0,-180.39489746093798,7.52026271820068,-90.3948974609375,ZP
20130713092836.mat,0.5422958731651311,-0.19383190572261802,4.52633476257324,-0.225808560848236,0,22,0,-180.39772033691398,7.67881059646606,-90.3977203369141,ZP
20130713092836.mat,0.544084548950195,-0.184340015053749,4.52633476257324,-0.223511546850204,0,22,0,-180.400207519531,7.83818578720093,-90.40020751953121,ZP
20130713092836.mat,0.5452566146850589,-0.231798782944679,4.52633476257324,-0.225158303976059,0,22,0,-180.403366088867,7.998366832733151,-90.4033660888672,ZP
20130713092836.mat,0.545955002307892,-0.184340015053749,4.4823899269104,-0.22290378808975198,0,22,0,-180.40599060058602,8.15933322906494,-90.4059906005859,ZP
20130713092836.mat,0.546116888523102,-0.184340015053749,4.4823899269104,-0.22462667524814603,0,22,0,-180.4091796875,8.32105827331543,-90.4091796875,ZP
20130713092836.mat,0.545959115028381,-0.231798782944679,4.4823899269104,-0.22638675570488,0,22,0,-180.411956787109,8.48351192474365,-90.41195678710942,ZP
20130713092836.mat,0.545520663261414,-0.20332357287406896,4.4823899269104,-0.22424332797527302,0,22,0,-180.415145874023,8.64664363861084,-90.4151458740234,ZP
20130713092836.mat,0.545211791992188,-0.19383190572261802,4.4823899269104,-0.226076319813728,0,22,0,-180.418014526367,8.81035232543945,-90.4180145263672,ZP
20130713092836.mat,0.5453984737396239,-0.212815225124359,4.4384446144104,-0.22403851151466395,0,22,0,-180.42115783691398,8.97453880310059,-90.4211578369141,ZP
20130713092836.mat,0.545509576797485,-0.19383190572261802,4.4384446144104,-0.225942850112915,0,22,0,-180.423690795898,9.139241218566891,-90.4236907958984,ZP
20130713092836.mat,0.545732498168945,-0.212815225124359,4.3944997787475595,-0.223942324519157,0,22,0,-180.427001953125,9.304487228393551,-90.427001953125,ZP
20130713092836.mat,0.5457918047904969,-0.26027375459671,4.4384446144104,-0.22591933608055104,0,22,0,-180.43016052246102,9.47028064727783,-90.4301605224609,ZP
20130713092836.mat,0.545315504074097,-0.127389803528786,4.4384446144104,-0.22354052960872697,0,22,0,-180.43347167968798,9.63653182983398,-90.4334716796875,ZP
20130713092836.mat,0.545036196708679,-0.174848347902298,4.52633476257324,-0.22607958316803,0,22,0,-180.436828613281,9.80306243896484,-90.43682861328121,ZP
20130713092836.mat,0.54483687877655,-0.174848347902298,4.5702795982360795,-0.22426180541515398,0,22,0,-180.44020080566398,9.96967697143555,-90.4402008056641,ZP
20130713092836.mat,0.544793128967285,-0.165356680750847,4.702114582061769,-0.222479343414307,0,22,0,-180.444305419922,10.136221885681199,-90.44430541992192,ZP
20130713092836.mat,0.5454219579696661,0.0244777034968138,4.83394956588745,-0.22463603317737602,0,22,0,-180.448425292969,10.302577018737802,-90.44842529296879,ZP
20130713092836.mat,0.545875310897827,-0.19383190572261802,4.96578454971313,-0.222916319966316,0,22,0,-180.452728271484,10.4685707092285,-90.45272827148442,ZP
20130713092836.mat,0.546408891677856,-0.184340015053749,5.14156484603882,-0.225129693746567,0,22,0,-180.457473754883,10.634127616882301,-90.4574737548828,ZP
20130713092836.mat,0.5460585951805109,-0.174848347902298,5.317344665527339,-0.223460659384727,0,22,0,-180.462692260742,10.7991142272949,-90.4626922607422,ZP
20130713092836.mat,0.54594874382019,-0.174848347902298,5.49312448501587,-0.22181244194507602,0,22,0,-180.468414306641,10.9634103775024,-90.46841430664058,ZP
20130713092836.mat,0.546532511711121,-0.20332357287406896,5.66890478134155,-0.224122419953346,0,22,0,-180.474411010742,11.126976966857901,-90.4744110107422,ZP
20130713092836.mat,0.54833197593689,-0.184340015053749,5.844684600830081,-0.22250835597515098,0,22,0,-180.480850219727,11.2897233963013,-90.4808502197266,ZP
20130713092836.mat,0.549073576927185,-0.155865028500557,6.020464897155759,-0.22090867161750802,0,22,0,-180.487701416016,11.4515886306763,-90.48770141601558,ZP
20130713092836.mat,0.5493441224098211,-0.146373137831688,6.15229988098145,-0.223229363560677,0,22,0,-180.495208740234,11.6125049591064,-90.49520874023442,ZP
20130713092836.mat,0.549357533454895,-0.19383190572261802,6.24018955230713,-0.22169236838817605,0,22,0,-180.502685546875,11.772442817688,-90.502685546875,ZP
20130713092836.mat,0.549242734909058,-0.165356680750847,6.28413486480713,-0.22013738751411396,0,22,0,-180.50988769531202,11.9313859939575,-90.5098876953125,ZP
20130713092836.mat,0.549149334430695,-0.165356680750847,6.28413486480713,-0.22254092991352104,0,22,0,-180.517501831055,12.0893039703369,-90.5175018310547,ZP
20130713092836.mat,0.5492520332336429,-0.136881470680237,6.24018955230713,-0.22041301429271698,0,22,0,-180.525436401367,12.246203422546401,-90.5254364013672,ZP
20130713092836.mat,0.549368798732758,-0.165356680750847,6.19624471664429,-0.219543218612671,0,22,0,-180.53346252441398,12.402088165283198,-90.5334625244141,ZP
20130713092836.mat,0.549919247627258,-0.146373137831688,6.10835456848145,-0.218128561973572,0,22,0,-180.54127502441398,12.5569629669189,-90.5412750244141,ZP
20130713092836.mat,0.5506808161735529,-0.174848347902298,5.976519584655759,-0.216721251606941,0,22,0,-180.548782348633,12.7108478546143,-90.5487823486328,ZP
20130713092836.mat,0.55195552110672,-0.10840625315904599,5.75679492950439,-0.219301134347916,0,22,0,-180.556091308594,12.863741874694801,-90.55609130859379,ZP
20130713092836.mat,0.553581118583679,-0.146373137831688,5.58101463317871,-0.217993125319481,0,22,0,-180.563186645508,13.0156497955322,-90.5631866455078,ZP
20130713092836.mat,0.5563364624977111,-0.146373137831688,5.36128950119019,-0.216741964221001,0,22,0,-180.569915771484,13.1665840148926,-90.56991577148442,ZP
20130713092836.mat,0.560137748718262,-0.136881470680237,5.18550968170166,-0.215551823377609,0,22,0,-180.575714111328,13.316557884216301,-90.57571411132808,ZP
20130713092836.mat,0.564510941505432,-0.146373137831688,4.96578454971313,-0.21445979177951802,0,22,0,-180.581741333008,13.465580940246598,-90.5817413330078,ZP
20130713092836.mat,0.5695645809173578,-0.136881470680237,4.79000473022461,-0.213401973247528,0,22,0,-180.587554931641,13.613677024841301,-90.58755493164058,ZP
20130713092836.mat,0.574882805347443,-0.136881470680237,4.65816974639893,-0.212414428591728,0,22,0,-180.593109130859,13.760843276977502,-90.59310913085942,ZP
20130713092836.mat,0.581084370613098,-0.127389803528786,4.52633476257324,-0.21149691939353898,0,22,0,-180.598327636719,13.907107353210401,-90.59832763671879,ZP
20130713092836.mat,0.5881131887435911,-0.117898151278496,4.3944997787475595,-0.210646659135818,0,22,0,-180.603363037109,14.052466392517099,-90.60336303710942,ZP
20130713092836.mat,0.5952850580215451,-0.0989145934581757,4.262664794921879,-0.209859475493431,0,22,0,-180.608154296875,14.196942329406701,-90.608154296875,ZP
20130713092836.mat,0.603013277053833,-0.10840625315904599,4.0868844985961905,-0.20909553766250602,0,22,0,-180.612091064453,14.340562820434599,-90.61209106445308,ZP
20130713092836.mat,0.6112373471260071,-0.117898151278496,3.8232147693633998,-0.208415821194649,0,22,0,-180.615921020508,14.4833297729492,-90.6159210205078,ZP
20130713092836.mat,0.618883848190308,-0.136881470680237,3.55954480171204,-0.20778150856494895,0,22,0,-180.619522094727,14.6252689361572,-90.6195220947266,ZP
20130713092836.mat,0.625818133354187,-0.117898151278496,3.2958748340606703,-0.20324809849262196,0,22,0,-180.622634887695,14.7664089202881,-90.6226348876953,ZP
20130713092836.mat,0.6316365003585821,-0.0894229337573051,2.9882597923278795,-0.20265915989875802,0,22,0,-180.625198364258,14.9068059921265,-90.6251983642578,ZP
20130713092836.mat,0.636565685272217,-0.0894229337573051,2.6806447505950897,-0.20214146375656103,0,22,0,-180.626617431641,15.046468734741199,-90.62661743164058,ZP
20130713092836.mat,0.6406508684158331,-0.0894229337573051,2.32908487319946,-0.20162706077098802,0,22,0,-180.627685546875,15.1854515075684,-90.627685546875,ZP
20130713092836.mat,0.644124865531921,-0.0989145934581757,2.02146983146667,-0.201152443885803,0,22,0,-180.628524780273,15.3237791061401,-90.6285247802734,ZP
20130713092836.mat,0.64716911315918,-0.155865028500557,1.7138549089431798,-0.196781426668167,0,22,0,-180.62867736816398,15.4614868164062,-90.6286773681641,ZP
20130713092836.mat,0.649737358093262,-0.0894229337573051,1.4062399864196797,-0.19639648497104603,0,22,0,-180.628219604492,15.5985889434814,-90.6282196044922,ZP
20130713092836.mat,0.652196228504181,-0.0894229337573051,1.0986249446868899,-0.19605879485607103,0,22,0,-180.626907348633,15.7350978851318,-90.6269073486328,ZP
20130713092836.mat,0.6541447043418879,-0.127389803528786,0.834954977035522,-0.195734158158302,0,22,0,-180.624862670898,15.8710517883301,-90.6248626708984,ZP
20130713092836.mat,0.655691027641296,-0.10840625315904599,0.615229964256287,-0.191548973321915,0,22,0,-180.622100830078,16.006475448608402,-90.62210083007808,ZP
20130713092836.mat,0.656579852104187,-0.136881470680237,0.395504981279373,-0.191313281655312,0,22,0,-180.619384765625,16.1413726806641,-90.619384765625,ZP
20130713092836.mat,0.65685248374939,-0.10840625315904599,0.26366999745368996,-0.19111835956573497,0,22,0,-180.616516113281,16.2757816314697,-90.61651611328121,ZP
20130713092836.mat,0.656854748725891,-0.117898151278496,0.17577999830245997,-0.19096024334430703,0,22,0,-180.613143920898,16.4096755981445,-90.6131439208984,ZP
20130713092836.mat,0.6569170951843261,-0.10840625315904599,0.0878899991512299,-0.186926946043968,0,22,0,-180.609481811523,16.5430507659912,-90.6094818115234,ZP
20130713092836.mat,0.65710175037384,-0.117898151278496,0.0878899991512299,-0.18679018318653098,0,22,0,-180.605926513672,16.675910949707,-90.60592651367192,ZP
20130713092836.mat,0.656852424144745,-0.146373137831688,0.0878899991512299,-0.186670362949371,0,22,0,-180.602294921875,16.8082714080811,-90.602294921875,ZP
20130713092836.mat,0.656955003738403,-0.136881470680237,0.0878899991512299,-0.186559692025185,0,22,0,-180.598693847656,16.940128326415998,-90.59869384765621,ZP
20130713092836.mat,0.657139718532562,-0.0989145934581757,0.0878899991512299,-0.182545080780983,0,22,0,-180.595016479492,17.0715084075928,-90.5950164794922,ZP
20130713092836.mat,0.657259464263916,-0.0894229337573051,0.0878899991512299,-0.18243288993835396,0,22,0,-180.591415405273,17.202438354492198,-90.5914154052734,ZP
20130713092836.mat,0.656989812850952,-0.117898151278496,0.0878899991512299,-0.182313531637192,0,22,0,-180.58787536621102,17.3329277038574,-90.5878753662109,ZP
20130713092836.mat,0.656996011734009,-0.117898151278496,0.0878899991512299,-0.18215207755565602,0,22,0,-180.584335327148,17.4630107879639,-90.5843353271484,ZP
20130713092836.mat,0.6567932367324829,-0.0894229337573051,0.0878899991512299,-0.18198436498642,0,22,0,-180.580841064453,17.5927047729492,-90.58084106445308,ZP
20130713092836.mat,0.656417906284332,-0.127389803528786,0.0878899991512299,-0.17790776491165197,0,22,0,-180.57737731933602,17.7220344543457,-90.5773773193359,ZP
20130713092836.mat,0.6561591625213621,-0.10840625315904599,0.0439449995756149,-0.17774006724357602,0,22,0,-180.57360839843798,17.851026535034197,-90.5736083984375,ZP
20130713092836.mat,0.6562148332595831,-0.0894229337573051,0.0439449995756149,-0.177581489086151,0,22,0,-180.569519042969,17.9797039031982,-90.56951904296879,ZP
20130713092836.mat,0.656119108200073,-0.0894229337573051,0.0439449995756149,-0.177405372262001,0,22,0,-180.56591796875,18.108089447021502,-90.56591796875,ZP
20130713092836.mat,0.656571924686432,-0.079931266605854,0.0439449995756149,-0.17725425958633398,0,22,0,-180.562744140625,18.236225128173803,-90.562744140625,ZP
20130713092836.mat,0.656567394733429,-0.0609477162361145,0.0439449995756149,-0.173229858279228,0,22,0,-180.55934143066398,18.3641090393066,-90.5593414306641,ZP
20130713092836.mat,0.657128274440765,-0.0419643931090832,0.0878899991512299,-0.173149541020393,0,22,0,-180.55567932128898,18.491764068603498,-90.5556793212891,ZP
20130713092836.mat,0.657403290271759,-0.10840625315904599,0.0878899991512299,-0.17311118543148,0,22,0,-180.55198669433602,18.619213104248,-90.5519866943359,ZP
20130713092836.mat,0.657048583030701,-0.10840625315904599,0.0878899991512299,-0.173082739114761,0,22,0,-180.548400878906,18.746467590332,-90.54840087890621,ZP
20130713092836.mat,0.656143546104431,-0.0894229337573051,0.17577999830245997,-0.172116965055466,0,22,0,-180.544952392578,18.8735389709473,-90.54495239257808,ZP
20130713092836.mat,0.655206739902496,-0.0514560528099537,0.30761498212814303,-0.173158645629883,0,22,0,-180.541900634766,19.000442504882802,-90.54190063476558,ZP
